Hours Studied,Previous Scores,Extracurricular Activities,Sleep Hours,Sample Question Papers Practiced,Performance Index
8,68,No,8,7,67
8,56,No,5,9,49
4,59,No,6,9,44
2,46,No,9,1,22
8,82,No,8,3,79
8,79,No,6,4,74
4,46,No,7,3,26
3,67,No,9,4,49
2,58,Yes,5,9,33
9,59,No,5,3,53
1,83,Yes,4,2,53
7,78,Yes,7,0,69
5,79,No,4,3,65
8,46,No,4,8,37
4,45,Yes,7,0,28
7,64,Yes,8,6,56
5,80,No,9,2,64
5,98,Yes,4,7,83
9,52,No,6,5,50
9,78,No,9,0,77
9,79,Yes,8,9,79
6,61,No,7,4,49
6,88,Yes,5,7,77
5,56,No,8,2,40
9,87,No,4,3,83
8,61,Yes,6,6,53
7,73,Yes,9,5,66
7,47,No,7,6,42
6,88,No,5,8,76
5,84,Yes,9,8,75
4,57,No,6,1,40
3,63,Yes,5,2,45
3,99,Yes,7,3,73
6,93,Yes,9,5,84
4,99,No,8,4,84
6,81,Yes,4,5,71
3,41,No,7,7,23
4,41,Yes,6,1,24
9,66,No,8,5,64
5,53,No,9,8,38
7,87,Yes,5,4,74
2,78,Yes,8,0,58
5,92,Yes,8,7,78
9,92,No,6,3,88
3,95,No,4,7,76
9,51,No,8,3,48
6,71,Yes,8,7,59
4,67,Yes,4,8,46
7,94,Yes,4,4,84
8,67,Yes,5,4,61
6,85,Yes,9,1,76
5,64,No,5,8,49
6,43,Yes,4,3,30
5,65,No,7,2,47
8,75,Yes,4,1,70
1,89,Yes,5,2,69
7,42,Yes,6,3,35
2,40,Yes,6,8,20
9,56,Yes,9,5,55
1,46,No,8,9,19
6,87,Yes,6,4,74
9,44,No,5,8,42
1,58,No,6,7,34
4,78,No,7,5,59
4,85,No,4,2,67
9,73,Yes,4,6,70
5,74,Yes,5,9,61
5,88,Yes,8,5,76
6,55,Yes,4,7,44
1,79,Yes,6,5,50
1,89,No,7,9,68
9,86,Yes,8,3,87
3,78,Yes,8,9,60
4,66,No,8,6,47
1,80,Yes,4,6,55
9,77,Yes,9,7,73
8,89,No,8,1,87
2,89,Yes,5,5,66
8,64,No,6,2,56
7,65,No,9,7,59
6,95,Yes,7,3,83
1,53,No,6,3,26
7,53,Yes,5,1,41
7,53,Yes,5,5,45
9,64,Yes,9,5,63
1,75,No,6,0,50
2,43,No,4,7,15
9,86,No,5,2,79
9,54,No,8,0,49
6,71,No,7,9,63
6,57,No,7,0,42
4,53,No,5,0,32
4,97,No,8,4,84
5,40,No,6,4,26
3,81,No,7,0,62
1,59,No,8,4,33
1,49,Yes,8,6,28
7,49,No,4,4,36
1,98,Yes,5,8,73
1,63,Yes,8,3,37
3,73,Yes,6,8,53
4,67,Yes,7,7,48
4,66,No,4,0,48
2,79,Yes,6,3,54
1,40,Yes,7,6,12
3,72,Yes,5,0,46
4,43,No,6,7,24
3,46,Yes,7,1,26
8,48,Yes,4,7,42
1,55,No,7,3,28
2,44,No,8,7,20
7,73,No,4,0,61
4,99,No,6,4,80
8,62,No,9,8,62
3,82,No,5,6,59
6,89,No,4,2,74
9,64,No,4,3,59
1,96,No,4,9,68
1,90,Yes,7,6,66
8,52,No,8,5,43
3,63,Yes,9,3,44
5,50,Yes,5,2,34
1,91,No,5,1,62
5,90,No,8,9,77
6,56,No,7,8,44
8,76,No,7,2,69
3,52,Yes,8,6,35
3,66,Yes,8,0,50
9,59,No,6,7,50
4,72,Yes,7,0,54
4,81,No,4,1,59
7,71,Yes,5,0,60
2,47,Yes,7,3,25
8,95,No,8,1,94
6,68,No,4,0,53
3,79,Yes,6,0,59
9,58,No,9,1,53
5,45,Yes,6,5,29
8,83,No,4,1,73
7,99,No,4,1,87
8,78,No,8,7,72
7,87,No,9,4,82
3,80,No,8,7,60
2,60,No,5,7,38
7,96,No,9,1,89
3,61,Yes,9,6,45
3,81,No,5,8,57
2,49,Yes,6,7,27
4,49,No,4,8,31
8,91,Yes,6,7,86
1,68,No,8,3,45
1,55,No,7,9,30
5,40,Yes,8,6,28
5,56,No,7,8,43
1,69,No,4,8,43
6,65,No,4,3,52
1,92,No,9,6,68
5,85,No,4,5,73
9,58,Yes,5,2,56
5,92,No,5,9,78
6,60,Yes,7,5,49
8,56,Yes,6,7,52
1,85,Yes,9,1,62
2,79,Yes,6,2,59
9,60,Yes,7,7,60
3,92,Yes,5,3,71
6,80,Yes,8,3,68
5,79,Yes,9,1,68
2,84,No,7,9,63
7,88,Yes,6,0,77
4,58,No,7,6,43
1,99,Yes,7,3,77
4,46,Yes,4,5,28
6,56,No,5,7,47
7,40,Yes,9,6,34
7,76,No,4,6,64
7,96,Yes,5,5,88
3,45,No,7,3,21
6,65,No,5,3,53
8,41,Yes,6,8,34
4,98,Yes,9,4,83
8,71,Yes,4,8,67
2,96,Yes,9,8,75
9,87,No,7,3,88
9,93,No,6,1,87
8,44,No,5,1,32
1,76,No,5,8,50
2,70,No,6,8,50
6,51,No,5,2,38
5,74,No,4,4,57
9,69,Yes,8,4,64
5,87,Yes,5,1,71
2,45,Yes,7,1,19
4,54,Yes,5,9,38
9,54,Yes,9,0,52
1,55,Yes,7,1,27
1,59,Yes,5,6,32
7,52,Yes,5,0,45
3,83,No,7,0,61
2,81,Yes,4,8,57
9,85,Yes,8,1,83
3,70,Yes,8,3,48
2,73,No,4,2,50
8,68,Yes,5,3,61
6,42,No,8,6,29
6,48,No,4,9,37
7,50,Yes,4,1,39
7,50,No,8,1,39
6,64,Yes,7,8,54
4,61,Yes,6,5,46
9,81,Yes,7,6,78
6,97,No,5,4,83
4,85,Yes,7,4,64
3,48,Yes,9,3,26
4,59,Yes,6,7,41
3,98,No,6,6,76
2,60,No,4,9,35
5,49,No,9,1,39
2,61,No,5,1,39
6,68,Yes,4,5,54
3,48,Yes,7,0,28
6,44,No,7,6,30
9,79,Yes,8,7,81
1,50,No,4,9,24
6,40,Yes,9,7,32
9,92,Yes,4,2,87
4,81,No,4,6,66
2,40,No,4,0,13
4,97,Yes,6,2,76
1,93,No,8,5,68
3,78,Yes,5,8,57
9,99,Yes,5,4,98
5,85,Yes,5,4,69
6,44,Yes,6,8,34
3,88,No,8,8,68
5,61,Yes,9,5,47
8,65,Yes,8,4,60
6,92,Yes,6,9,83
4,45,No,9,1,25
2,71,Yes,4,7,50
9,87,No,7,7,87
1,50,No,4,6,22
1,49,No,5,7,22
4,86,No,4,2,62
7,78,No,6,2,72
1,94,No,5,1,66
9,73,No,7,0,71
4,70,Yes,9,2,53
3,51,Yes,9,2,32
1,90,No,5,6,65
4,83,No,4,9,65
9,55,No,8,8,50
6,77,Yes,8,0,66
6,42,No,9,7,29
1,41,Yes,8,0,13
2,91,Yes,5,2,66
6,44,No,8,3,32
2,50,Yes,6,7,26
3,97,No,9,0,75
4,64,No,7,1,46
5,74,No,8,4,62
9,74,Yes,6,5,69
4,61,No,6,4,43
9,76,Yes,5,2,74
3,61,No,9,9,43
8,94,No,5,6,86
1,50,No,7,0,24
9,71,No,7,1,67
9,74,No,4,8,71
2,70,Yes,7,3,48
4,84,No,9,7,64
8,92,No,9,8,88
7,47,No,5,6,39
1,59,Yes,6,0,35
5,81,No,4,4,67
7,73,No,7,5,65
4,43,No,6,7,27
1,57,No,5,9,32
9,90,Yes,8,7,89
5,43,No,4,8,30
2,59,Yes,9,8,37
8,97,Yes,6,3,91
2,48,Yes,5,5,26
3,55,Yes,5,2,32
1,65,No,4,0,34
2,77,No,4,5,51
7,64,Yes,7,0,56
2,43,Yes,7,8,26
6,80,Yes,9,5,73
3,98,No,9,0,80
4,84,Yes,4,2,69
8,80,Yes,4,0,73
3,77,Yes,6,1,55
6,92,Yes,7,5,82
1,58,Yes,5,6,32
7,53,No,7,0,41
8,60,Yes,7,9,55
8,54,No,4,4,43
3,42,No,4,5,20
1,76,No,7,3,50
9,92,No,8,5,90
6,89,No,8,4,82
9,85,Yes,9,6,85
7,55,No,7,3,49
1,53,No,8,0,24
1,48,Yes,9,1,25
6,86,No,9,5,76
5,46,Yes,7,9,33
9,53,Yes,9,1,48
2,45,Yes,4,4,21
8,60,Yes,4,3,58
5,54,Yes,4,6,40
2,91,No,5,3,67
6,47,Yes,4,6,35
8,73,Yes,4,7,68
4,79,No,7,6,66
2,40,No,8,1,16
5,71,No,8,0,57
2,97,No,4,4,73
2,88,Yes,4,6,64
6,90,No,4,0,77
9,44,Yes,9,7,46
4,69,No,7,2,50
6,61,No,7,6,50
7,59,No,7,2,51
6,55,No,8,3,43
8,46,No,5,7,40
4,46,Yes,8,1,30
1,89,Yes,7,5,63
7,89,Yes,6,9,82
3,41,No,5,8,20
6,86,Yes,4,9,73
2,53,No,9,8,32
9,70,No,8,4,67
1,89,Yes,9,2,69
6,80,Yes,5,5,67
6,53,No,6,8,44
5,44,No,5,5,29
5,50,Yes,8,3,38
1,79,No,7,4,52
5,44,Yes,4,6,25
2,68,Yes,7,9,46
7,50,No,7,2,42
3,44,No,8,8,24
4,88,No,7,0,70
3,93,No,7,7,78
3,71,Yes,8,4,51
4,75,No,8,9,61
5,54,Yes,6,8,38
1,58,Yes,7,1,34
4,61,No,5,0,42
8,73,Yes,4,9,68
7,95,No,9,6,87
9,56,No,4,9,53
5,51,Yes,8,8,39
4,64,Yes,9,4,45
8,95,Yes,8,3,89
9,56,No,6,3,53
7,49,No,7,7,39
7,67,Yes,8,0,59
5,96,No,8,0,81
4,57,No,4,7,40
1,90,Yes,7,1,64
7,57,No,6,9,53
1,84,Yes,8,5,56
1,71,Yes,8,1,44
5,53,Yes,8,4,41
9,95,No,4,2,91
6,55,Yes,8,6,46
3,89,Yes,8,8,65
3,97,Yes,4,1,76
7,57,Yes,8,6,50
6,55,No,7,7,45
9,56,Yes,7,9,55
6,46,No,4,7,33
5,51,Yes,7,6,37
7,73,No,9,3,63
1,49,No,9,3,24
7,44,No,9,9,37
3,60,No,6,8,39
9,42,Yes,8,9,41
6,58,Yes,6,8,46
9,84,No,7,4,78
5,83,No,4,6,69
7,74,No,9,6,71
4,45,Yes,4,8,28
7,53,No,6,6,45
1,43,No,7,7,20
7,84,Yes,8,6,81
8,90,Yes,7,3,85
5,57,Yes,9,1,42
2,68,Yes,7,2,46
5,74,Yes,4,6,60
6,91,Yes,5,8,82
2,77,No,9,1,55
6,55,No,8,6,44
6,59,Yes,9,3,47
1,63,No,9,6,41
1,74,Yes,8,4,48
3,83,No,9,6,62
3,90,Yes,4,5,64
4,58,Yes,7,1,40
2,95,No,4,6,70
9,43,No,7,4,39
7,72,Yes,5,8,63
7,41,Yes,9,0,32
6,52,Yes,5,0,37
3,97,Yes,6,1,75
6,84,Yes,7,7,72
8,69,Yes,4,8,63
8,73,No,4,6,64
9,69,No,9,0,69
1,90,No,4,6,63
1,93,No,6,7,65
3,63,No,8,6,44
3,87,Yes,4,4,65
8,83,Yes,9,6,81
1,72,No,5,9,45
2,80,Yes,4,1,59
2,88,No,4,8,67
3,49,No,4,1,34
6,57,Yes,9,1,46
1,58,Yes,8,4,35
2,46,No,4,7,22
1,96,No,8,5,72
5,58,No,8,8,47
7,63,No,6,5,55
8,54,Yes,5,4,47
1,80,No,4,0,55
7,81,Yes,4,7,74
5,62,No,4,2,49
1,91,No,8,1,68
3,91,Yes,7,6,72
7,43,Yes,5,1,32
1,77,Yes,9,0,51
7,43,Yes,4,1,34
5,44,Yes,7,5,33
1,80,No,7,1,56
1,83,No,7,0,54
1,62,No,5,0,33
9,79,Yes,7,3,78
3,92,Yes,9,7,77
5,76,Yes,4,5,62
9,50,No,9,3,51
6,94,Yes,4,5,78
9,50,No,6,5,46
8,52,No,8,8,50
8,53,No,7,3,47
1,99,Yes,9,5,74
9,47,No,8,9,47
6,64,No,8,0,52
9,57,No,8,6,54
3,90,Yes,8,6,69
3,83,No,8,0,64
6,83,Yes,4,7,69
9,57,Yes,5,4,58
7,49,No,7,8,37
3,46,No,7,7,26
3,99,Yes,4,2,80
2,89,No,9,0,64
9,83,Yes,4,2,78
3,53,Yes,8,1,35
5,54,Yes,5,1,36
9,55,No,7,3,55
8,41,Yes,9,1,36
2,69,Yes,6,7,46
3,69,No,4,4,51
2,57,No,6,0,30
8,70,Yes,7,5,68
6,83,Yes,4,6,69
6,87,Yes,7,0,78
9,52,No,4,2,51
8,59,Yes,9,8,55
4,88,Yes,7,6,72
4,89,No,6,3,71
9,74,No,5,5,69
1,62,Yes,9,5,38
2,81,No,9,2,61
2,72,Yes,4,1,49
6,77,Yes,6,4,67
4,74,No,7,7,56
3,90,Yes,6,2,68
3,75,Yes,9,4,60
3,59,No,4,2,34
6,94,Yes,6,6,83
8,42,No,7,5,37
7,47,Yes,8,5,42
4,79,No,9,0,62
4,98,No,5,1,80
2,71,No,5,5,46
1,68,No,9,7,47
9,46,No,8,4,46
2,41,No,4,1,13
8,60,Yes,6,4,55
9,45,Yes,6,8,42
4,67,No,8,5,51
8,87,Yes,8,4,81
9,81,No,7,9,75
5,75,No,7,5,59
7,71,Yes,5,8,62
4,84,No,4,6,65
1,81,Yes,4,9,51
3,92,No,8,2,73
5,85,No,5,9,68
3,48,Yes,5,9,28
7,50,No,7,4,39
9,62,No,6,3,55
6,89,No,4,4,76
1,50,Yes,5,7,24
7,88,Yes,7,5,81
3,41,Yes,7,3,24
5,42,Yes,7,4,29
4,50,Yes,6,6,37
5,89,No,5,7,74
5,98,Yes,8,4,84
6,74,Yes,8,1,64
6,97,No,7,5,90
8,54,No,7,8,46
8,82,Yes,6,2,79
9,50,No,7,6,48
8,70,No,9,7,65
2,67,No,5,5,46
1,67,Yes,7,2,39
2,71,No,7,0,49
2,64,No,5,2,39
3,59,Yes,4,5,40
7,67,No,9,3,60
2,64,No,9,0,43
1,50,Yes,8,5,25
6,58,Yes,7,0,45
9,67,Yes,5,7,64
3,40,No,8,2,20
6,98,Yes,6,2,87
3,44,Yes,4,0,23
1,49,No,7,2,23
5,81,No,4,6,67
4,85,No,7,9,74
7,73,No,7,7,64
6,75,No,7,7,66
7,41,Yes,4,2,29
5,57,Yes,9,4,42
4,52,Yes,6,0,37
7,90,No,9,8,82
7,44,Yes,5,7,35
6,59,No,5,9,46
8,41,No,9,1,40
4,50,Yes,6,9,34
5,69,Yes,6,0,52
4,71,No,7,3,52
1,71,No,7,8,50
8,97,Yes,5,7,91
1,89,Yes,7,2,64
5,77,No,7,9,67
6,94,No,6,5,85
6,67,No,4,8,53
5,49,No,9,9,35
3,61,Yes,8,7,41
5,94,Yes,8,9,81
8,56,No,7,4,52
2,61,No,7,8,39
6,82,Yes,9,8,72
9,58,No,8,2,55
8,56,No,6,7,49
8,63,No,8,3,60
8,75,No,8,9,69
7,71,No,8,6,63
8,97,No,7,9,94
6,95,Yes,7,7,86
2,97,No,9,6,75
2,85,Yes,8,4,66
8,98,Yes,7,0,97
1,91,Yes,9,7,71
6,75,No,8,4,59
6,67,No,6,2,54
4,53,No,7,1,34
3,97,Yes,4,2,77
3,75,Yes,9,8,60
1,45,No,7,1,16
3,48,No,6,9,30
4,60,Yes,6,0,42
5,51,Yes,7,1,36
3,97,Yes,5,1,77
6,69,No,9,4,58
5,70,Yes,8,0,58
3,79,Yes,8,9,60
6,95,Yes,6,7,87
6,43,No,7,1,30
8,70,No,5,5,59
2,66,No,9,4,42
1,97,Yes,4,1,70
4,96,Yes,8,9,82
7,64,Yes,9,0,56
3,44,Yes,9,5,24
3,45,No,5,5,27
5,44,Yes,9,2,33
5,90,Yes,8,7,75
3,66,No,7,8,45
9,47,Yes,8,2,45
4,48,Yes,4,8,30
3,54,Yes,7,7,29
2,75,No,6,4,50
9,96,Yes,5,5,95
4,80,No,8,0,63
3,46,Yes,7,4,24
7,71,No,9,9,63
8,47,No,7,9,41
2,86,No,8,6,69
7,90,Yes,6,0,81
5,54,Yes,8,9,40
5,76,No,6,8,66
3,58,No,9,6,40
5,78,Yes,8,3,63
2,45,No,7,3,21
4,98,Yes,4,9,81
6,58,Yes,4,6,47
1,96,No,9,5,69
4,67,No,7,2,47
6,56,Yes,4,8,44
9,81,Yes,9,5,78
2,58,Yes,6,1,36
7,70,No,7,9,60
6,50,Yes,6,1,43
2,54,No,7,0,30
8,49,No,6,4,43
7,82,Yes,6,9,75
5,62,No,4,5,46
5,42,No,7,2,29
7,42,No,8,3,33
9,57,No,4,4,51
9,64,Yes,6,3,58
9,82,Yes,6,8,81
6,59,No,8,2,49
6,97,No,8,4,84
3,68,No,6,6,47
1,61,No,8,6,38
7,89,No,5,5,78
4,96,Yes,4,8,77
1,54,Yes,7,6,29
8,78,Yes,8,3,76
6,49,Yes,8,9,41
6,60,No,5,8,51
2,94,No,7,5,70
1,91,Yes,5,0,63
2,68,Yes,7,8,46
4,71,Yes,4,6,53
2,49,No,8,5,25
1,52,No,4,5,26
7,86,No,7,3,74
8,62,Yes,8,3,57
6,89,Yes,5,2,80
4,62,No,6,7,45
6,70,No,5,7,56
3,43,No,6,1,19
8,91,Yes,5,4,86
2,88,No,7,8,70
5,99,No,4,8,85
1,42,Yes,6,6,16
6,60,No,7,3,47
2,92,No,4,3,65
4,41,No,4,9,23
6,43,No,8,6,29
8,40,Yes,8,2,36
8,54,No,8,2,49
6,96,Yes,6,4,85
4,72,No,6,5,56
8,45,Yes,4,7,39
8,46,No,6,0,40
1,58,No,4,6,33
4,83,Yes,7,7,67
4,40,No,5,4,19
7,78,No,4,9,74
7,58,Yes,4,1,47
8,84,No,7,3,77
5,65,No,8,5,52
7,83,No,9,8,76
8,51,No,8,1,42
9,61,No,8,3,56
3,52,Yes,4,9,30
3,67,Yes,4,4,47
4,53,No,6,7,34
5,61,No,6,7,48
1,69,Yes,5,1,42
7,83,Yes,5,5,74
9,59,Yes,9,5,58
8,83,Yes,6,4,75
5,66,Yes,4,7,54
4,77,Yes,7,9,62
7,98,No,6,1,88
5,81,No,4,1,64
7,91,No,6,6,81
1,95,No,8,8,69
1,80,No,6,2,51
3,73,Yes,9,6,52
2,78,Yes,8,2,58
2,80,Yes,4,5,55
7,96,Yes,8,2,86
2,83,Yes,6,0,62
4,76,Yes,8,5,60
2,40,No,9,2,15
6,93,No,7,0,82
8,54,Yes,8,4,52
4,71,No,9,7,57
5,47,Yes,8,7,34
4,72,No,5,7,55
3,57,Yes,7,2,39
5,84,Yes,4,7,73
9,68,No,9,3,64
8,71,Yes,8,7,67
8,72,No,7,2,67
8,44,No,4,2,36
8,57,Yes,7,0,52
7,87,Yes,9,7,85
8,97,Yes,5,7,91
8,49,No,9,8,42
8,75,No,9,5,74
7,72,Yes,4,1,65
1,62,Yes,4,0,36
4,79,Yes,8,7,63
4,44,Yes,6,9,29
5,73,Yes,9,3,60
6,63,Yes,4,6,50
4,56,Yes,9,9,40
2,70,No,9,3,48
6,46,No,4,0,33
8,56,Yes,5,7,51
8,67,Yes,5,9,64
7,77,No,9,8,70
6,61,Yes,5,9,49
2,54,No,9,8,33
7,76,No,8,8,69
5,54,Yes,4,3,41
6,89,No,9,8,79
8,89,No,5,3,81
8,64,Yes,5,1,57
3,92,Yes,7,9,73
7,60,No,7,2,49
1,94,Yes,5,1,64
1,77,No,8,0,49
7,41,No,6,5,31
9,66,No,9,3,61
7,88,No,7,6,81
5,71,No,9,6,59
8,60,No,7,9,54
2,43,Yes,4,0,18
9,83,Yes,4,8,80
6,58,Yes,5,7,43
9,41,Yes,4,9,39
2,65,No,4,0,39
3,73,No,6,7,51
8,53,No,8,4,49
1,54,No,5,0,27
7,59,No,6,3,51
7,73,Yes,5,6,64
1,75,Yes,8,4,51
9,58,Yes,5,2,56
8,48,No,9,3,46
4,46,No,9,1,28
5,69,Yes,9,7,57
2,52,No,4,1,28
9,66,No,8,5,65
6,83,Yes,6,6,71
3,74,No,6,6,54
7,52,Yes,7,0,44
9,54,Yes,6,7,52
3,85,Yes,9,8,71
2,95,Yes,9,6,74
7,48,No,7,7,38
7,84,No,4,3,75
4,62,No,6,7,43
9,93,Yes,8,2,90
8,75,No,7,0,69
1,92,Yes,6,7,67
1,79,No,4,5,52
5,42,No,8,8,27
6,73,Yes,8,2,63
3,58,No,4,7,41
9,67,Yes,6,8,67
6,62,Yes,5,8,47
4,79,No,6,6,61
7,88,No,7,9,82
8,84,No,7,2,75
9,46,No,6,2,37
6,80,Yes,9,1,68
6,51,Yes,7,0,37
8,53,No,5,1,49
5,85,No,9,4,73
3,54,No,5,0,32
3,42,Yes,8,9,23
6,54,No,7,3,43
2,90,Yes,9,9,70
6,63,No,6,9,53
6,91,No,9,0,81
8,85,Yes,8,9,84
7,47,Yes,5,7,38
8,44,No,8,4,40
9,90,Yes,4,9,88
6,43,Yes,7,3,32
3,53,No,6,2,31
3,55,Yes,5,8,35
1,59,Yes,8,5,34
5,63,No,6,0,49
4,45,No,7,7,28
9,94,Yes,6,9,91
9,96,No,7,1,90
5,70,Yes,7,8,55
4,45,Yes,7,6,27
7,74,Yes,8,2,67
6,54,No,7,3,41
4,68,Yes,6,2,53
2,42,Yes,4,5,15
1,50,Yes,6,8,26
4,42,No,8,9,22
4,67,No,7,8,48
1,49,No,4,0,19
6,89,Yes,8,9,78
4,72,Yes,5,5,53
1,87,No,5,0,61
1,55,Yes,5,3,30
1,98,Yes,4,6,70
8,49,Yes,6,3,42
8,72,Yes,4,8,67
2,75,No,4,9,51
7,42,No,4,4,35
8,44,No,5,8,38
8,51,Yes,9,0,44
7,96,Yes,6,3,86
5,83,No,9,6,68
1,52,No,9,1,25
9,63,No,4,8,59
7,83,Yes,6,2,74
2,96,No,9,3,73
6,71,Yes,7,3,61
2,55,No,4,7,32
1,71,Yes,4,1,41
7,84,Yes,4,4,72
2,76,No,7,1,51
2,95,Yes,7,5,72
5,75,Yes,5,8,60
5,60,No,8,8,46
7,86,No,6,0,77
1,51,No,8,3,23
8,90,Yes,4,3,82
3,60,Yes,9,0,37
4,99,No,4,9,80
9,90,No,9,1,87
4,60,Yes,5,5,41
5,82,No,8,9,67
7,92,No,4,2,81
4,45,Yes,8,8,30
1,48,Yes,5,2,19
9,40,No,8,2,39
4,51,Yes,9,8,34
9,97,Yes,6,2,93
6,53,No,5,5,43
1,45,No,8,5,21
3,40,No,4,0,17
2,61,Yes,7,6,40
9,73,No,7,8,68
1,95,Yes,5,8,74
9,50,No,7,8,45
9,42,Yes,6,1,38
8,81,Yes,5,0,76
8,45,No,4,5,38
1,45,Yes,4,5,18
8,59,No,5,3,54
3,60,No,7,7,42
7,41,Yes,7,4,31
1,65,Yes,4,6,42
1,70,Yes,6,8,44
5,65,No,9,0,54
5,95,No,7,8,83
8,71,No,6,3,64
7,49,No,7,6,38
8,62,No,9,3,57
6,97,No,5,3,83
6,45,Yes,8,3,34
2,62,No,4,5,39
6,67,No,5,4,56
5,88,No,7,1,76
3,69,No,9,8,49
6,53,Yes,4,5,41
8,76,Yes,8,9,69
9,94,Yes,8,5,93
1,71,No,9,8,44
3,88,No,9,0,73
3,73,No,7,6,56
8,80,Yes,4,2,70
1,83,No,7,3,56
5,90,No,8,0,77
3,61,Yes,5,2,40
2,70,Yes,5,6,47
8,46,No,6,5,40
3,80,Yes,8,0,62
7,60,No,8,8,57
1,55,No,7,3,26
6,59,Yes,6,6,47
3,82,No,9,3,59
8,83,Yes,6,6,78
6,86,Yes,4,4,77
2,89,No,7,0,67
6,58,Yes,9,3,49
7,87,No,9,2,80
5,71,No,5,5,54
3,54,Yes,4,5,30
4,44,Yes,6,0,29
4,50,Yes,5,1,31
6,54,No,8,1,42
1,68,No,7,9,39
4,89,No,6,3,70
4,84,No,8,8,69
1,43,No,9,1,18
9,88,No,6,7,89
4,75,No,5,0,56
7,87,Yes,4,7,78
3,62,No,5,2,44
3,54,No,7,4,36
8,85,Yes,7,0,76
8,83,No,6,0,79
1,42,No,5,5,12
2,71,Yes,4,2,48
8,49,No,9,7,46
1,79,Yes,7,3,54
8,77,No,4,5,69
8,61,No,8,9,56
2,53,Yes,6,8,26
4,56,Yes,4,7,39
6,60,No,6,3,48
9,90,No,8,9,92
8,87,Yes,4,7,81
8,54,No,4,6,46
7,97,Yes,9,4,89
9,54,Yes,8,6,51
2,40,Yes,5,6,16
3,63,No,4,9,40
8,94,No,9,1,90
6,94,No,4,6,83
9,51,Yes,9,2,46
4,49,No,7,7,32
8,85,Yes,5,7,82
3,81,Yes,4,8,63
3,81,No,8,3,59
8,91,No,6,9,89
5,70,Yes,8,2,55
3,50,No,5,8,29
1,93,Yes,7,8,68
3,55,No,7,1,32
9,48,Yes,7,5,44
5,86,No,9,2,75
2,53,Yes,8,4,33
7,58,No,6,1,49
2,70,Yes,6,3,47
4,48,Yes,9,2,35
7,75,Yes,4,1,67
4,92,Yes,9,5,77
7,78,Yes,6,2,65
7,93,Yes,6,3,86
1,65,No,4,5,40
6,47,Yes,8,4,37
9,63,Yes,8,3,57
2,47,No,5,3,23
3,58,No,8,1,42
5,86,Yes,7,9,73
9,87,No,7,3,88
4,69,No,5,7,53
1,97,Yes,6,4,72
4,61,Yes,5,9,47
6,94,No,4,9,81
5,48,No,5,7,30
1,97,No,5,5,68
4,97,No,9,9,83
6,83,No,7,4,73
4,87,No,4,3,67
9,43,Yes,9,9,45
5,76,No,4,8,61
8,47,Yes,5,9,43
9,40,Yes,9,4,37
5,67,No,9,9,54
6,45,Yes,4,5,29
1,86,No,4,6,59
7,75,Yes,8,0,67
4,92,No,4,8,73
2,50,Yes,9,7,29
5,44,No,6,4,29
3,89,Yes,4,2,67
6,63,No,7,4,51
8,86,Yes,8,4,80
7,57,Yes,7,8,48
3,59,Yes,7,6,42
8,67,No,6,1,57
2,52,No,8,4,31
9,44,No,5,8,38
4,69,No,9,1,55
1,40,No,9,7,16
8,61,Yes,4,2,53
7,57,No,9,3,51
5,85,No,6,1,72
5,44,Yes,9,8,33
7,70,No,6,5,62
5,45,No,5,8,30
8,66,No,6,7,63
6,95,No,5,8,84
5,64,No,5,4,49
9,68,No,5,5,66
2,67,Yes,6,6,44
1,55,No,5,4,30
8,93,No,6,0,88
3,92,No,8,8,79
7,51,Yes,5,1,41
8,59,Yes,6,6,55
6,57,Yes,6,7,47
9,73,Yes,6,7,72
7,94,No,4,0,83
5,92,Yes,4,9,79
8,62,No,5,6,56
2,84,No,9,8,65
7,66,No,8,2,53
4,88,Yes,9,7,73
9,56,No,5,7,57
1,87,Yes,7,8,66
7,60,No,7,7,52
6,89,Yes,8,4,80
8,79,Yes,8,4,75
5,70,No,8,2,57
1,42,No,4,5,13
1,56,No,4,9,28
9,89,Yes,7,2,85
6,97,Yes,8,1,86
5,65,Yes,6,6,54
1,62,No,9,9,36
6,45,Yes,7,2,37
6,67,No,8,3,57
3,47,Yes,6,9,25
8,94,Yes,8,7,89
1,97,Yes,5,0,71
1,84,No,6,8,56
6,47,No,9,5,36
1,58,No,5,1,28
6,77,Yes,4,2,66
1,68,Yes,7,4,41
6,62,Yes,8,5,49
3,86,Yes,7,8,71
8,71,No,9,1,65
6,49,Yes,8,4,37
1,66,Yes,5,6,41
5,88,No,6,6,74
8,40,No,6,3,31
3,78,No,8,2,57
6,68,Yes,5,7,58
5,98,No,8,1,82
6,84,Yes,8,4,74
1,42,No,8,9,21
7,90,Yes,6,4,81
9,86,Yes,9,0,87
2,76,Yes,8,6,53
5,70,Yes,6,3,56
4,50,Yes,4,9,35
6,61,Yes,5,1,47
6,57,No,4,7,48
2,74,Yes,8,3,52
2,45,Yes,6,0,19
4,42,Yes,5,7,27
1,44,Yes,7,6,22
9,48,No,5,2,41
7,67,Yes,5,2,58
7,58,Yes,8,6,49
3,67,No,4,1,43
3,66,Yes,4,4,43
1,52,No,7,6,27
3,77,Yes,8,5,61
3,82,Yes,5,9,63
4,92,No,9,6,77
4,60,No,4,1,39
3,66,No,4,6,45
8,85,Yes,6,1,77
8,45,No,5,6,34
1,77,No,8,7,51
7,88,Yes,4,9,82
2,50,Yes,8,7,23
1,86,Yes,5,4,62
3,80,No,5,6,60
4,92,Yes,4,7,75
6,56,No,7,3,43
5,95,No,8,1,82
4,78,No,8,6,65
8,46,No,6,0,39
4,69,Yes,5,1,50
2,60,Yes,5,9,43
3,40,No,4,6,19
6,64,No,4,9,49
8,71,Yes,4,0,64
8,98,Yes,6,6,92
9,96,No,7,4,93
7,47,No,4,2,39
2,44,No,4,1,20
8,69,No,9,6,61
7,90,No,4,8,77
8,47,Yes,6,8,42
3,88,No,8,9,72
7,58,Yes,7,9,46
9,83,No,8,7,83
3,98,Yes,9,1,84
6,94,No,5,0,83
2,69,Yes,5,7,45
2,54,Yes,4,1,31
5,75,No,9,3,62
5,94,No,8,3,84
7,83,Yes,6,1,76
2,66,Yes,7,3,42
7,52,Yes,8,6,46
5,53,No,9,5,38
6,76,Yes,9,9,69
8,93,No,8,5,88
4,87,No,7,3,70
7,69,No,8,1,61
6,78,No,8,4,66
2,86,No,7,2,63
8,52,No,6,2,46
9,97,Yes,9,3,95
5,55,Yes,7,4,41
4,83,No,4,1,62
6,46,Yes,4,5,31
8,87,Yes,4,5,81
3,94,No,4,7,76
1,94,Yes,5,1,70
4,66,No,6,7,51
4,84,No,5,7,69
1,94,No,8,3,69
9,74,No,8,6,71
3,54,Yes,7,6,34
5,67,Yes,4,0,51
6,74,No,7,0,60
8,46,Yes,8,7,43
6,89,No,4,0,74
3,85,No,9,2,62
6,89,Yes,6,5,80
1,90,Yes,8,7,67
4,85,No,9,4,65
6,59,Yes,7,4,47
7,71,No,9,3,63
3,77,No,7,3,57
9,79,Yes,8,6,82
7,71,No,5,5,60
1,65,Yes,6,7,38
2,97,No,9,5,78
1,78,No,9,9,54
9,59,No,8,6,59
9,57,No,8,9,55
7,89,No,7,9,84
3,54,Yes,4,4,32
5,91,No,4,5,75
4,61,Yes,4,0,40
7,90,Yes,7,2,85
9,61,Yes,4,7,56
2,92,No,8,2,67
8,60,Yes,5,0,56
9,41,Yes,5,2,38
9,79,Yes,5,3,79
7,92,No,4,7,81
9,82,No,5,8,80
9,57,No,9,3,57
3,62,No,4,6,38
4,52,Yes,9,0,36
2,80,No,8,8,58
3,48,Yes,9,3,28
5,88,No,8,8,74
5,46,Yes,7,2,32
6,80,No,7,4,68
7,93,No,9,0,83
7,40,No,6,2,33
1,41,No,8,4,15
2,43,Yes,4,5,16
9,53,No,6,7,48
2,71,No,8,0,45
6,75,No,4,2,60
1,41,Yes,8,0,16
3,79,No,8,4,61
2,89,No,4,7,67
3,90,Yes,8,3,70
5,53,Yes,8,8,40
6,59,Yes,8,5,49
9,64,No,7,5,63
4,81,Yes,5,4,63
7,88,No,8,9,82
6,47,Yes,4,4,33
2,67,No,9,6,41
8,85,Yes,8,7,83
7,60,Yes,7,6,53
7,62,Yes,7,0,53
8,71,No,9,0,66
1,47,Yes,8,9,25
1,70,No,6,5,44
8,76,Yes,9,2,66
4,55,Yes,5,8,34
5,79,Yes,4,6,67
8,81,No,4,1,74
5,66,No,4,2,52
4,79,No,4,7,64
6,80,Yes,7,0,71
5,57,No,5,4,39
7,74,No,8,9,66
7,88,Yes,8,0,78
4,91,Yes,6,8,75
5,54,No,8,6,37
3,92,No,5,4,71
4,66,Yes,8,5,47
4,56,No,7,2,37
3,79,Yes,9,2,63
5,41,Yes,8,6,26
5,88,No,4,6,71
7,89,No,4,6,80
4,70,Yes,9,1,54
4,76,No,4,1,57
9,80,Yes,4,4,75
6,80,No,7,3,67
4,73,Yes,7,6,57
2,73,No,7,2,52
6,90,No,8,4,78
2,94,Yes,9,1,72
5,98,No,4,0,78
6,42,Yes,6,8,30
4,56,No,9,3,40
3,53,No,6,7,35
7,53,No,4,6,41
2,85,No,5,0,61
6,77,Yes,9,9,69
4,74,Yes,8,6,55
6,40,No,6,1,24
4,87,Yes,9,2,72
4,68,Yes,9,0,52
4,43,No,7,6,26
9,72,Yes,5,2,66
7,56,Yes,7,5,45
3,67,No,5,6,47
3,89,No,5,2,68
6,65,No,8,1,49
6,47,No,9,8,37
4,73,Yes,7,8,61
9,98,No,7,6,97
4,57,Yes,6,4,38
9,70,Yes,9,3,69
4,98,No,4,3,79
2,66,Yes,4,0,45
2,55,Yes,6,3,29
5,97,Yes,5,6,86
4,49,No,6,4,29
7,79,Yes,6,8,72
5,51,No,7,3,37
6,61,No,6,2,51
4,55,Yes,5,5,39
2,51,Yes,4,3,24
9,50,No,8,1,47
7,59,No,9,4,52
4,90,No,6,3,75
3,40,No,9,4,18
3,66,No,6,8,44
9,42,Yes,9,3,37
5,51,No,7,5,37
3,69,Yes,7,3,50
5,48,No,9,0,34
2,92,Yes,6,1,68
4,93,No,6,5,76
2,76,Yes,5,7,53
2,40,Yes,4,8,16
8,81,No,4,3,70
1,88,Yes,8,5,62
7,43,No,4,2,33
5,54,No,8,8,40
8,90,Yes,7,7,85
1,66,Yes,8,0,43
7,47,No,8,1,40
5,99,No,4,9,83
4,99,No,6,8,86
7,62,Yes,7,9,54
2,54,Yes,5,2,32
1,66,No,8,2,40
1,70,Yes,8,9,45
1,78,Yes,9,8,56
5,86,Yes,8,2,71
7,47,No,6,9,38
2,69,No,5,4,45
8,97,Yes,9,5,93
4,94,Yes,4,2,73
3,81,No,7,9,63
8,57,Yes,6,7,54
2,43,No,5,1,18
3,86,No,7,5,65
3,82,No,4,1,64
1,61,No,7,8,35
6,42,No,9,5,31
2,54,No,8,8,26
1,74,No,8,3,46
2,86,Yes,6,2,65
6,77,No,7,1,72
4,72,Yes,8,7,59
6,53,Yes,6,3,39
9,87,Yes,6,1,85
8,40,No,9,8,35
1,92,Yes,6,7,67
8,88,No,4,4,78
9,65,No,8,7,64
6,47,Yes,8,4,34
5,89,Yes,5,6,70
6,55,Yes,4,4,42
6,77,Yes,8,4,61
9,49,No,9,3,45
4,81,Yes,8,4,66
2,76,Yes,5,6,56
9,65,Yes,7,2,63
2,67,Yes,7,3,44
9,51,Yes,4,7,46
2,59,No,6,5,34
8,88,No,5,7,85
9,53,No,5,1,46
9,85,Yes,8,8,84
9,74,Yes,9,6,74
2,68,No,8,4,41
4,51,No,9,6,30
7,91,No,5,1,82
2,57,No,6,3,30
1,83,Yes,7,6,59
3,41,Yes,4,1,17
4,41,Yes,9,7,26
8,98,No,7,9,94
6,56,No,4,9,46
2,49,No,6,4,26
9,57,Yes,5,4,54
2,61,Yes,6,7,42
5,58,No,9,0,42
4,97,Yes,5,5,80
7,92,No,8,1,85
8,40,No,4,0,26
5,63,No,8,6,52
5,75,Yes,5,3,60
2,64,No,4,0,40
8,75,No,4,9,68
2,70,Yes,8,5,49
6,70,No,4,9,59
8,41,No,5,5,32
6,58,Yes,9,2,47
4,92,No,9,5,77
4,51,No,5,9,36
6,49,No,8,8,38
4,70,Yes,6,5,50
8,84,No,5,0,77
9,61,No,9,9,59
1,62,No,5,5,37
4,91,Yes,4,7,72
4,62,Yes,4,6,41
2,54,Yes,5,7,34
6,65,No,8,7,54
3,42,Yes,6,8,21
7,62,No,4,2,50
5,59,Yes,9,6,49
4,84,Yes,4,5,71
5,79,Yes,9,1,64
8,96,Yes,6,4,90
3,78,No,4,2,57
7,95,Yes,8,4,84
6,47,No,9,8,36
1,57,No,4,7,34
7,80,No,4,8,70
7,45,Yes,5,8,39
1,66,Yes,8,7,42
9,75,No,8,7,69
6,54,Yes,5,5,44
2,76,No,9,5,54
5,97,Yes,7,5,87
4,44,Yes,6,9,28
7,78,No,8,5,70
8,48,Yes,7,8,44
1,46,No,9,9,23
5,80,No,6,0,61
3,59,Yes,8,9,43
1,49,Yes,4,5,22
3,65,Yes,8,7,47
6,43,No,6,0,31
7,77,Yes,7,5,71
8,63,Yes,4,8,59
4,53,Yes,6,5,37
3,80,Yes,9,1,58
5,40,No,6,0,24
9,56,Yes,8,3,52
6,84,No,9,5,74
9,63,Yes,5,9,60
6,66,Yes,5,9,59
2,46,Yes,4,8,20
5,48,No,6,4,33
9,82,No,7,6,80
8,74,Yes,4,5,67
7,97,No,9,5,90
1,51,No,4,8,29
4,60,Yes,8,4,44
7,42,Yes,9,1,37
7,54,Yes,7,7,45
6,60,Yes,6,2,50
8,49,Yes,9,8,44
6,72,Yes,6,4,59
3,85,No,6,0,60
4,98,Yes,4,3,78
3,91,Yes,8,8,73
1,45,Yes,4,0,20
5,41,Yes,5,7,26
1,68,No,5,7,42
1,94,No,6,8,71
2,79,No,8,8,57
4,72,Yes,9,5,55
6,43,Yes,6,4,29
8,98,No,9,6,96
3,43,No,6,8,23
1,68,Yes,4,4,42
3,76,Yes,6,2,54
3,99,Yes,6,8,83
5,99,Yes,8,9,91
4,59,Yes,8,0,42
4,80,No,9,0,65
9,62,Yes,8,9,60
7,84,No,6,3,77
4,57,Yes,8,1,41
3,88,No,8,6,67
6,64,No,7,1,53
3,40,No,7,6,21
6,93,Yes,5,7,82
9,54,Yes,4,7,52
6,73,Yes,4,2,60
4,87,No,8,8,71
5,59,No,5,9,45
6,93,Yes,5,9,82
3,76,No,9,9,57
8,66,No,7,5,63
4,61,No,5,3,41
8,90,No,6,7,84
3,44,Yes,9,3,24
7,73,No,8,3,63
9,78,Yes,6,7,79
4,42,No,4,3,20
8,56,No,7,0,50
3,63,Yes,6,5,43
7,63,No,8,7,56
3,42,Yes,6,2,21
7,84,Yes,6,1,76
6,46,Yes,5,5,34
2,64,Yes,7,0,42
3,95,Yes,4,4,78
6,42,Yes,8,5,28
4,54,Yes,9,7,39
6,68,No,9,6,56
1,89,Yes,8,5,63
1,68,No,4,1,38
3,49,No,8,7,29
8,71,No,5,7,67
8,62,Yes,9,4,57
4,78,Yes,9,2,63
6,48,No,6,7,38
8,76,Yes,5,4,68
7,91,No,9,2,82
7,79,No,5,8,70
4,53,No,5,8,32
9,43,Yes,4,6,43
6,59,No,9,7,49
3,67,Yes,7,4,49
5,53,No,4,4,36
5,83,Yes,4,4,69
5,73,No,5,1,57
8,52,Yes,7,2,47
9,70,No,4,7,69
9,72,Yes,7,5,65
6,91,Yes,9,8,84
6,78,Yes,5,6,66
9,67,No,4,5,60
4,64,No,7,3,44
6,71,No,8,6,61
4,48,Yes,4,3,30
1,67,Yes,4,6,39
7,97,No,4,4,85
6,70,No,7,1,58
9,56,Yes,6,6,53
7,92,No,9,7,86
7,62,Yes,4,9,55
2,52,Yes,8,1,32
9,94,Yes,8,5,94
9,49,No,5,3,41
6,55,Yes,6,4,43
3,45,No,6,0,25
1,87,Yes,7,5,64
4,50,No,5,7,37
3,97,No,7,1,79
1,91,Yes,5,0,62
3,42,Yes,9,8,21
4,67,Yes,6,1,49
8,80,Yes,9,7,77
9,54,No,7,4,50
3,99,No,5,1,79
6,52,No,6,4,35
5,81,No,6,8,66
6,91,No,4,5,74
4,95,Yes,7,2,77
6,84,Yes,4,7,72
7,56,No,6,0,48
9,46,Yes,7,8,42
7,67,Yes,7,8,59
6,77,Yes,9,3,66
1,52,Yes,8,7,27
2,99,Yes,5,2,75
1,56,Yes,8,5,31
9,54,No,8,9,51
9,75,Yes,6,9,74
7,67,Yes,9,7,63
2,54,No,5,8,31
6,85,No,8,7,79
4,92,No,8,8,77
1,50,Yes,7,3,26
1,95,No,6,9,69
5,70,Yes,8,0,56
2,43,No,5,6,18
4,74,Yes,4,9,55
1,73,Yes,4,3,45
4,91,No,6,0,74
6,66,Yes,4,2,56
4,49,Yes,7,6,34
1,69,Yes,7,2,44
7,84,Yes,5,0,73
2,59,No,9,6,38
9,68,No,6,7,64
3,97,No,6,4,75
8,92,Yes,4,5,84
8,68,No,8,2,62
3,62,No,8,4,41
4,96,Yes,9,2,81
2,89,No,8,1,66
4,60,No,9,6,45
9,87,No,5,9,84
2,82,Yes,6,6,60
3,49,No,4,7,26
4,80,No,5,0,64
5,51,No,7,1,32
1,69,Yes,7,1,48
7,90,Yes,7,2,83
7,72,No,9,6,62
9,57,No,9,6,55
4,53,No,6,6,36
6,61,Yes,7,0,52
2,60,Yes,9,1,35
4,40,No,9,7,21
2,88,No,8,8,67
5,82,Yes,9,9,71
7,91,Yes,7,6,87
1,99,No,5,0,70
7,54,Yes,7,3,43
6,75,No,8,9,69
6,86,No,7,7,75
8,93,Yes,4,4,85
8,61,No,8,0,56
6,71,No,6,6,55
3,97,No,7,5,78
5,85,No,9,8,71
2,93,No,5,3,68
5,72,No,7,3,60
9,97,No,5,7,95
1,80,Yes,4,3,51
5,98,Yes,6,2,84
6,78,No,9,6,68
7,62,Yes,8,4,54
9,82,No,8,8,79
6,94,No,6,4,83
5,41,Yes,4,8,28
7,41,No,4,5,31
1,77,No,7,5,50
5,94,Yes,4,5,79
2,90,Yes,7,6,64
4,68,Yes,5,3,53
7,91,Yes,6,3,81
5,85,Yes,5,8,70
6,99,Yes,5,6,85
2,42,No,5,9,20
3,78,Yes,5,5,60
7,46,Yes,8,0,36
2,75,No,4,6,49
6,68,No,6,5,56
5,94,Yes,6,3,79
1,76,No,9,7,53
4,88,No,5,6,70
2,97,No,6,7,74
4,75,No,7,8,60
1,62,No,6,0,32
2,84,No,5,2,59
8,55,No,6,1,48
6,87,Yes,4,2,74
2,70,No,5,1,46
6,73,Yes,8,5,63
9,89,No,4,8,87
7,40,No,6,1,29
9,57,Yes,8,3,51
5,97,No,9,4,81
7,79,No,4,4,70
7,82,Yes,9,0,75
3,95,No,7,5,75
7,95,No,4,4,85
1,54,Yes,8,5,28
9,87,Yes,9,3,84
6,88,No,7,5,76
5,56,Yes,9,8,43
7,83,No,6,0,73
5,49,No,5,5,33
5,59,Yes,9,0,45
7,45,Yes,6,6,38
7,47,Yes,5,3,39
3,84,Yes,5,5,67
3,73,No,8,6,53
3,71,Yes,7,4,50
6,90,Yes,7,8,80
6,93,No,4,7,80
3,81,No,6,2,60
3,43,No,8,0,23
8,83,No,9,9,80
8,89,No,6,7,83
7,78,No,9,3,72
4,59,No,9,6,46
4,63,No,9,3,45
3,63,No,4,6,42
5,94,Yes,4,0,78
3,65,Yes,8,0,43
8,64,No,4,1,55
7,75,Yes,8,4,67
3,46,No,4,9,28
9,49,No,7,5,48
5,97,No,8,1,81
9,86,No,7,0,84
7,51,Yes,7,8,41
7,40,Yes,8,6,31
6,91,No,6,7,83
2,89,Yes,5,5,70
9,64,Yes,4,8,57
6,55,No,9,7,45
8,44,No,4,3,37
1,58,Yes,9,4,33
5,43,Yes,6,1,28
1,45,No,5,0,16
8,65,No,6,5,60
8,88,Yes,5,2,81
1,78,No,8,3,54
9,95,No,8,0,94
2,94,No,9,5,74
9,78,Yes,7,7,76
1,48,Yes,7,9,19
9,84,No,9,3,83
4,91,Yes,8,9,73
9,53,No,9,7,52
7,87,Yes,7,9,81
6,94,Yes,9,2,84
5,48,Yes,8,6,35
9,54,No,6,2,53
2,76,No,4,5,55
2,89,No,8,3,66
9,92,Yes,9,5,87
3,59,No,8,6,43
8,47,No,8,7,39
9,71,No,7,5,68
8,86,No,9,3,81
4,60,Yes,7,8,45
1,96,No,9,6,75
4,80,No,7,8,64
9,58,Yes,7,2,54
2,68,No,6,4,45
3,97,Yes,8,0,75
8,70,Yes,6,7,64
6,93,Yes,7,0,81
8,45,No,6,0,39
7,43,Yes,8,6,38
5,82,Yes,8,7,72
9,68,Yes,7,2,67
4,81,No,8,1,66
6,42,Yes,6,6,32
2,40,Yes,5,9,17
2,83,Yes,8,4,59
2,94,No,6,0,70
7,54,Yes,6,1,41
2,86,Yes,6,2,62
2,60,No,8,5,38
9,85,No,5,0,81
7,97,No,7,7,88
3,70,Yes,7,1,46
3,46,Yes,8,4,25
7,56,Yes,8,7,48
5,95,Yes,4,4,81
6,58,No,9,7,49
8,78,Yes,5,5,72
9,99,No,6,6,96
1,42,Yes,9,7,17
3,69,Yes,6,2,48
7,74,Yes,9,4,69
6,97,No,7,9,85
7,96,No,9,6,85
8,68,No,8,8,64
6,89,No,5,5,79
3,91,Yes,7,9,74
2,93,Yes,9,0,69
7,53,Yes,5,7,44
1,74,Yes,8,5,50
3,67,Yes,6,0,48
4,97,No,4,3,77
1,69,No,5,5,46
5,65,Yes,6,9,51
3,46,Yes,5,0,23
2,78,Yes,5,9,56
3,70,Yes,5,4,47
8,44,No,8,2,42
6,74,Yes,7,6,64
7,89,Yes,5,7,80
6,86,Yes,8,2,73
6,91,Yes,4,9,80
3,53,No,7,2,34
8,75,Yes,8,2,69
7,66,No,4,5,54
7,63,No,7,5,56
6,79,Yes,8,2,66
5,68,Yes,4,5,53
8,92,Yes,8,8,89
5,84,Yes,4,7,70
9,61,Yes,5,6,59
9,47,No,5,6,41
1,54,No,7,7,28
6,88,No,4,6,75
7,44,No,5,2,34
3,91,No,7,7,68
7,43,Yes,6,7,32
7,50,Yes,5,0,44
2,57,No,5,9,35
7,81,Yes,9,4,74
1,88,Yes,8,4,64
5,69,No,6,0,57
9,54,No,4,5,46
7,45,No,7,5,36
7,94,Yes,6,3,85
2,92,No,4,5,71
8,55,No,5,5,49
3,86,Yes,9,0,71
8,79,Yes,7,4,76
3,48,No,7,1,26
7,82,Yes,6,6,74
2,98,No,8,8,78
4,73,Yes,4,8,59
6,66,No,9,8,55
9,52,Yes,9,6,51
5,75,Yes,6,6,57
9,66,Yes,8,0,63
5,48,No,8,5,37
8,44,No,8,4,41
1,90,No,7,7,67
7,61,Yes,4,7,56
4,70,Yes,4,3,51
5,42,Yes,6,0,26
6,69,No,5,5,56
5,60,Yes,6,9,48
1,74,No,4,0,52
9,45,No,7,4,42
2,67,No,6,4,41
9,71,No,5,2,64
2,81,No,9,4,57
9,76,Yes,6,5,72
6,64,Yes,8,4,52
9,71,Yes,5,0,67
6,74,Yes,8,6,61
6,61,Yes,7,2,51
2,63,Yes,4,6,42
8,78,No,6,4,71
3,93,Yes,6,2,74
7,69,No,8,5,62
5,89,No,8,0,76
3,71,No,4,5,50
1,70,No,6,3,42
8,62,No,4,3,55
3,79,Yes,8,4,60
2,72,Yes,9,8,52
1,64,Yes,8,0,36
4,75,No,5,2,53
8,63,Yes,8,3,54
3,70,Yes,8,1,47
1,97,No,9,8,70
4,78,No,4,6,62
9,85,Yes,5,0,82
1,52,No,5,8,26
2,49,No,6,5,25
9,62,No,9,1,55
2,57,Yes,7,0,34
3,71,No,6,5,51
7,72,No,6,6,63
3,75,No,6,9,54
9,67,No,5,5,62
6,55,No,4,6,43
3,55,Yes,8,5,34
9,57,Yes,5,7,56
1,47,No,8,1,24
3,81,No,8,8,65
1,55,Yes,7,8,31
2,94,Yes,6,8,72
8,95,No,7,6,90
7,50,No,6,8,43
2,45,Yes,5,0,23
2,40,No,8,2,18
9,51,No,7,1,44
6,96,Yes,9,0,84
5,77,Yes,5,4,62
6,67,Yes,5,0,56
9,84,Yes,9,2,87
7,97,No,6,5,89
9,56,No,8,5,55
4,40,No,6,2,18
2,71,No,6,3,46
8,47,Yes,5,6,42
4,93,Yes,6,5,72
9,79,No,4,1,75
4,95,No,9,8,79
8,82,No,9,5,78
9,85,Yes,8,1,81
9,63,Yes,9,6,63
4,49,Yes,6,9,35
1,86,No,6,9,63
3,78,No,7,3,59
9,78,No,8,0,76
4,49,Yes,8,9,33
5,75,No,9,8,62
7,64,Yes,6,9,58
5,99,No,4,7,82
4,89,No,7,4,73
2,98,Yes,4,2,75
2,96,Yes,6,3,71
4,49,No,8,2,30
9,58,Yes,8,9,58
8,85,Yes,4,7,80
3,84,Yes,5,4,65
9,54,Yes,6,7,51
5,55,Yes,8,0,44
3,41,No,9,8,23
5,68,No,5,9,56
4,43,No,8,2,25
8,92,No,9,0,89
5,89,Yes,8,2,75
8,68,No,5,1,60
9,70,Yes,4,6,64
4,56,No,6,9,40
7,49,No,5,3,37
2,66,Yes,5,6,42
6,92,No,8,2,78
8,80,No,9,5,72
7,54,No,5,6,44
7,99,No,6,6,89
8,83,No,4,4,77
7,70,No,9,5,62
5,60,No,4,2,46
7,99,Yes,4,3,94
3,98,No,6,5,80
5,97,No,8,2,83
7,80,No,9,6,74
9,85,No,9,2,85
2,84,No,6,8,61
4,99,No,9,3,85
7,65,Yes,5,1,58
1,77,No,7,5,52
2,90,No,7,8,69
9,75,Yes,7,9,78
7,91,Yes,4,9,82
7,56,No,9,1,47
6,90,No,6,3,79
3,42,No,9,4,21
3,53,Yes,6,8,33
2,88,Yes,9,6,65
6,52,No,4,4,35
4,80,No,5,5,63
5,66,Yes,7,8,50
3,40,Yes,7,3,18
6,96,Yes,9,1,88
3,56,Yes,4,4,35
8,87,No,7,6,82
9,89,Yes,9,3,87
4,73,Yes,8,0,59
9,53,No,9,7,56
7,93,Yes,6,4,86
3,94,No,7,9,70
7,98,Yes,7,1,90
1,56,No,8,2,28
3,42,Yes,5,9,21
6,73,No,9,9,64
4,79,No,5,4,61
7,64,Yes,9,3,54
3,41,No,8,8,20
1,73,No,5,8,49
9,65,Yes,4,7,65
6,70,No,8,1,61
8,48,No,9,4,40
3,69,Yes,6,7,49
8,59,Yes,6,7,52
2,60,No,6,6,38
4,68,No,9,3,51
3,98,No,7,2,76
1,64,No,8,7,42
7,77,No,8,7,68
2,97,Yes,5,9,77
4,83,No,8,4,65
9,64,Yes,8,2,63
6,48,Yes,5,4,35
8,78,Yes,8,3,71
2,83,Yes,8,7,64
7,65,No,4,1,53
6,96,No,9,7,87
9,76,No,5,9,71
7,55,Yes,4,5,43
1,76,Yes,7,3,54
8,51,No,5,2,44
3,63,Yes,9,9,45
2,65,No,8,4,42
3,59,Yes,8,5,38
6,48,Yes,4,0,36
3,62,Yes,4,0,43
5,78,Yes,7,9,67
6,68,Yes,7,2,58
8,70,Yes,9,1,64
7,58,Yes,8,0,51
8,59,No,6,7,57
3,62,No,7,0,40
4,82,Yes,8,9,68
6,66,Yes,7,7,58
7,69,No,5,4,63
9,60,Yes,4,3,56
1,83,No,8,7,60
8,74,No,7,7,68
8,88,No,4,7,82
6,46,No,6,2,33
4,61,No,7,7,47
3,49,Yes,8,0,32
3,62,Yes,5,3,39
6,54,No,4,4,41
8,69,Yes,4,5,61
7,73,No,5,4,63
1,52,Yes,8,4,27
6,99,Yes,9,4,88
7,43,Yes,6,8,35
7,57,Yes,9,9,48
9,95,Yes,5,9,95
5,62,Yes,6,2,48
1,72,Yes,8,1,45
2,73,Yes,7,9,49
4,73,No,7,1,57
5,75,No,9,7,61
9,74,Yes,8,4,75
1,56,Yes,6,4,26
3,67,Yes,9,5,47
5,53,No,5,8,37
3,73,Yes,9,6,55
4,87,Yes,8,4,73
3,50,No,8,4,30
4,96,No,7,9,80
1,52,No,5,8,24
8,72,Yes,7,8,66
4,96,No,6,1,77
7,94,Yes,6,6,86
2,41,No,4,9,13
2,73,Yes,8,0,52
6,92,Yes,5,3,80
2,68,Yes,5,1,44
6,76,No,7,9,68
2,43,Yes,9,8,23
4,51,Yes,9,5,36
7,65,Yes,7,3,58
8,97,No,9,2,91
3,67,Yes,5,3,48
9,42,Yes,7,1,40
2,59,Yes,9,4,33
8,49,Yes,4,8,46
8,91,No,8,5,87
4,57,Yes,4,1,39
1,92,No,9,5,70
1,92,No,6,8,67
2,92,Yes,5,3,68
9,66,No,4,0,61
2,70,No,4,1,51
2,66,No,7,4,43
6,81,Yes,7,9,70
7,40,No,7,6,34
7,45,No,9,7,33
9,50,Yes,6,2,46
6,73,Yes,4,8,60
8,78,No,8,1,73
6,59,No,7,3,47
2,92,No,6,3,67
1,60,Yes,9,5,37
5,60,No,6,9,44
9,57,Yes,7,5,55
8,60,No,5,2,52
4,58,No,4,8,42
5,43,Yes,7,4,28
5,52,No,8,1,31
6,57,Yes,4,5,42
3,91,No,6,2,71
5,68,Yes,8,7,54
2,64,Yes,4,2,42
1,95,No,8,4,68
1,52,Yes,6,3,27
7,66,No,7,3,59
2,99,Yes,8,1,77
4,58,Yes,7,7,43
5,88,Yes,6,2,73
7,40,No,6,3,31
2,77,Yes,8,5,55
6,58,Yes,8,8,49
1,91,Yes,6,3,65
7,40,No,8,2,30
9,79,No,8,4,75
5,56,Yes,8,8,43
5,60,Yes,9,0,49
4,61,No,8,4,44
3,54,Yes,4,3,35
9,89,Yes,6,4,88
5,78,Yes,6,6,65
8,87,Yes,5,6,82
9,78,Yes,7,6,76
5,71,Yes,5,0,54
9,88,No,8,8,90
2,43,Yes,8,6,23
9,83,Yes,4,3,79
4,84,No,4,3,65
6,71,No,4,1,59
6,43,No,4,5,28
6,92,No,4,9,79
2,40,Yes,4,2,11
7,72,No,4,0,61
6,46,Yes,4,4,36
1,48,No,9,5,22
2,40,No,4,4,20
7,55,No,6,4,45
1,57,Yes,4,9,32
1,93,No,7,7,68
1,86,No,4,9,55
8,45,No,9,0,38
4,41,Yes,8,7,23
4,48,Yes,9,6,33
2,43,No,9,0,22
1,84,Yes,8,8,60
9,62,No,4,3,58
7,93,Yes,4,6,84
4,82,No,8,2,67
6,84,Yes,7,7,79
2,82,No,5,3,61
7,90,Yes,6,1,80
2,47,Yes,8,1,27
8,78,No,4,7,72
8,64,No,6,7,61
1,55,Yes,4,0,25
8,74,No,5,5,67
2,56,No,5,8,33
6,57,No,8,8,46
1,99,No,6,1,73
5,66,Yes,9,7,54
7,54,No,6,7,44
1,99,Yes,9,3,74
2,56,Yes,5,3,31
7,82,No,4,4,73
6,44,No,9,9,34
3,55,Yes,9,6,36
2,54,No,8,0,27
4,81,No,7,8,66
3,85,Yes,5,2,66
7,73,Yes,9,3,64
8,87,Yes,5,6,82
2,58,No,8,4,34
7,47,No,4,4,38
8,86,Yes,6,0,79
6,49,Yes,5,1,35
6,44,No,8,4,33
1,91,No,8,1,65
4,87,No,8,0,69
1,92,Yes,6,9,66
4,65,No,5,2,45
2,61,No,9,0,37
5,83,Yes,8,9,71
9,62,No,6,7,59
3,52,Yes,4,7,32
8,48,No,7,7,40
3,88,Yes,5,6,73
6,59,Yes,6,6,48
4,67,Yes,7,1,52
8,83,No,7,8,79
6,96,No,6,6,85
8,76,No,9,4,72
1,63,No,9,3,39
6,83,Yes,6,7,72
1,72,No,6,4,51
1,59,No,8,5,36
8,99,Yes,4,3,89
7,87,Yes,9,1,82
3,69,Yes,8,6,51
6,83,Yes,7,1,75
9,48,No,7,6,44
7,84,Yes,7,6,72
3,88,No,6,0,66
6,56,No,5,9,41
4,75,Yes,8,9,59
3,53,Yes,5,2,31
9,58,Yes,4,2,54
2,46,Yes,4,5,23
1,98,Yes,8,2,75
2,42,No,7,8,21
7,72,Yes,9,4,69
1,83,No,4,5,56
6,71,Yes,5,5,60
7,86,No,5,7,79
9,50,No,9,9,47
8,81,No,6,2,72
6,41,Yes,7,8,31
3,65,Yes,6,6,45
8,43,Yes,8,5,40
7,56,No,4,0,46
3,56,No,9,3,38
9,67,Yes,9,4,64
2,69,Yes,9,1,46
3,79,No,6,0,58
2,62,No,6,1,37
1,85,Yes,8,7,62
4,63,Yes,5,9,49
5,68,Yes,5,5,53
6,43,No,8,9,30
5,77,No,9,1,59
1,68,Yes,5,8,40
3,58,Yes,8,7,37
1,66,Yes,5,3,41
5,68,Yes,8,9,56
5,95,Yes,5,6,81
6,75,No,9,2,66
8,74,Yes,6,5,71
1,91,No,6,2,64
4,45,No,9,9,31
1,98,No,5,2,72
9,62,No,9,8,57
7,78,No,8,5,67
7,85,No,6,7,76
5,83,No,4,3,68
7,87,No,5,3,78
2,91,Yes,4,7,68
4,47,Yes,4,6,25
7,94,Yes,7,4,86
3,41,Yes,4,1,15
2,52,Yes,4,5,28
2,79,No,9,0,58
1,96,No,7,6,72
5,60,No,7,8,45
6,70,No,7,4,59
6,91,No,8,4,78
9,87,Yes,7,6,84
4,75,Yes,9,4,56
1,87,No,8,9,62
6,91,Yes,5,3,78
5,77,Yes,8,0,62
6,66,Yes,5,5,54
3,75,Yes,7,8,57
2,87,Yes,7,3,61
6,62,No,5,9,49
1,94,Yes,6,3,71
7,60,Yes,9,4,55
7,52,No,8,5,44
7,76,No,9,2,68
1,86,No,9,8,60
4,65,No,4,0,45
7,79,No,7,5,72
9,46,No,8,5,41
5,85,No,9,7,73
2,78,No,8,4,57
7,61,Yes,9,8,55
1,78,No,7,8,53
7,62,No,9,1,53
6,97,Yes,5,4,87
7,69,No,7,6,61
3,57,No,8,1,38
3,81,No,6,6,60
7,57,No,9,8,49
2,85,Yes,5,7,64
1,49,Yes,7,9,23
9,78,No,4,8,72
9,69,Yes,7,3,71
7,65,Yes,8,7,59
7,46,Yes,8,8,38
3,46,Yes,4,9,24
2,44,Yes,5,1,18
7,40,Yes,8,9,33
9,85,No,5,2,81
1,57,No,5,0,30
4,52,Yes,7,0,32
6,64,Yes,5,9,50
7,79,Yes,9,5,73
7,47,No,8,0,38
2,49,No,8,4,28
4,71,No,6,5,57
5,56,No,5,8,41
1,77,No,6,5,52
1,54,No,7,3,26
3,54,Yes,6,0,28
3,96,No,5,5,74
8,87,No,8,6,81
9,79,No,7,4,81
1,90,Yes,5,5,61
2,59,No,7,9,38
2,54,Yes,4,7,29
4,74,Yes,5,0,57
2,45,No,4,7,21
7,69,No,6,1,57
9,96,No,5,1,94
7,47,Yes,4,7,39
6,70,No,9,1,59
1,87,Yes,8,7,64
9,86,Yes,6,4,83
5,71,No,5,8,53
5,84,No,5,8,70
6,97,No,8,7,92
9,91,Yes,8,8,92
8,54,No,4,6,47
8,57,Yes,4,7,51
8,52,No,4,5,45
1,63,Yes,7,8,34
1,79,No,6,1,50
8,53,No,5,2,45
5,67,Yes,6,1,54
9,50,Yes,8,5,52
2,45,No,9,2,20
9,95,Yes,6,0,93
8,64,Yes,6,3,53
9,40,Yes,4,4,35
4,64,Yes,8,3,48
1,41,No,6,5,18
1,71,Yes,5,2,43
5,52,No,4,9,36
2,72,No,6,5,51
8,71,No,8,9,65
5,95,Yes,9,0,81
5,63,No,5,5,45
2,66,No,9,7,46
7,43,No,8,9,32
8,63,No,8,7,60
1,62,No,8,0,33
2,68,Yes,9,6,45
4,73,No,7,9,54
5,60,Yes,5,9,46
2,69,No,8,3,49
1,65,No,7,5,38
9,59,Yes,4,5,53
1,55,Yes,7,4,30
4,42,No,4,9,24
2,88,No,9,8,69
4,76,No,7,9,57
8,97,No,9,7,94
8,79,No,8,5,77
9,83,Yes,7,3,79
5,64,No,7,3,50
7,62,No,8,8,52
3,83,Yes,4,3,64
4,98,Yes,8,6,86
9,40,No,5,5,33
1,72,Yes,7,1,47
2,54,Yes,5,4,31
5,56,Yes,8,2,42
3,73,No,9,8,54
2,56,No,8,9,33
1,91,No,6,0,61
3,97,Yes,5,9,78
1,80,No,6,3,55
1,83,No,5,3,59
1,43,Yes,9,8,20
8,52,No,6,0,43
3,43,Yes,6,1,19
1,46,Yes,5,0,17
7,85,Yes,8,0,73
3,98,Yes,4,0,72
8,48,No,8,2,39
4,62,No,4,3,44
4,72,No,5,9,52
5,72,Yes,7,1,58
6,59,No,8,0,45
7,43,No,6,4,36
4,40,Yes,8,5,22
8,93,Yes,5,1,86
6,81,No,7,2,68
1,73,Yes,7,9,47
1,66,No,8,2,40
9,60,Yes,8,1,58
6,63,Yes,9,3,53
8,54,No,8,4,46
7,74,Yes,5,7,66
6,64,Yes,4,5,49
4,94,Yes,9,8,77
7,48,No,4,2,36
9,56,No,6,9,55
7,60,No,5,8,49
1,99,Yes,9,3,76
9,52,Yes,7,7,45
4,42,Yes,9,9,28
3,43,Yes,6,6,25
4,43,No,7,6,27
4,82,No,9,8,67
2,67,Yes,7,9,44
1,46,No,8,1,18
1,65,No,7,4,37
8,50,No,9,2,43
2,63,Yes,7,6,43
5,82,No,5,2,66
4,49,No,8,4,34
8,76,No,8,4,77
2,52,No,6,1,31
9,83,No,8,0,80
7,81,Yes,4,5,71
7,78,No,5,0,69
1,58,No,6,8,34
2,90,Yes,4,9,69
4,58,No,7,4,44
4,51,Yes,4,0,30
3,91,Yes,6,7,73
7,61,Yes,8,0,52
8,86,Yes,5,3,81
2,76,No,6,6,52
4,95,No,4,3,77
3,69,Yes,4,4,44
2,85,No,6,6,62
6,51,Yes,9,3,44
4,68,No,9,4,51
6,60,No,6,6,48
2,50,Yes,9,0,30
4,99,No,6,2,82
6,76,Yes,8,0,61
5,87,No,6,2,72
3,97,No,7,1,78
8,57,No,5,4,53
7,83,Yes,5,9,78
3,98,Yes,7,4,79
6,66,Yes,4,9,56
4,76,No,4,8,58
5,87,Yes,4,7,72
5,51,Yes,4,2,37
7,62,Yes,8,0,56
5,73,No,7,4,59
3,77,No,5,2,54
5,62,No,7,4,47
7,92,No,5,8,84
5,64,Yes,4,0,50
5,43,No,8,0,27
9,69,Yes,6,8,67
3,69,No,6,2,48
6,52,Yes,9,9,42
1,81,Yes,4,4,55
5,88,No,4,8,73
8,53,Yes,7,4,46
5,95,Yes,8,2,81
9,86,Yes,8,8,82
6,47,Yes,7,6,35
8,94,No,8,6,92
8,63,No,8,7,59
3,57,Yes,6,4,35
7,74,No,8,1,65
7,64,Yes,4,8,53
6,56,Yes,6,2,45
7,71,No,4,1,61
2,95,Yes,4,9,74
9,63,No,7,9,60
1,46,Yes,9,4,23
1,52,No,8,7,25
3,66,No,8,2,45
3,87,Yes,8,5,68
1,44,No,8,8,21
7,75,Yes,6,1,65
4,65,No,5,7,45
2,81,Yes,4,9,58
5,84,No,9,6,76
6,70,No,9,2,57
9,49,No,5,0,46
4,85,Yes,5,5,68
2,65,No,5,1,40
5,61,Yes,6,2,45
3,51,No,5,4,31
2,71,No,6,7,50
1,66,Yes,7,1,43
2,72,No,7,5,50
6,92,Yes,9,0,80
8,91,Yes,7,6,90
3,59,Yes,6,3,38
9,78,Yes,6,0,73
9,80,Yes,4,8,78
2,79,No,5,8,54
8,98,Yes,8,2,92
5,52,No,8,5,39
4,53,Yes,5,6,41
5,83,Yes,8,3,71
4,79,No,8,5,65
8,92,No,8,8,87
4,61,Yes,9,9,47
6,57,Yes,6,5,42
2,87,No,6,6,62
5,68,No,6,5,54
6,82,Yes,5,6,71
5,55,Yes,7,0,42
2,85,Yes,9,5,64
7,74,No,9,8,70
4,92,Yes,8,2,77
8,73,No,4,5,62
7,42,No,6,3,28
7,43,Yes,9,6,36
9,93,Yes,9,6,92
1,44,No,4,8,18
6,49,Yes,8,3,37
6,91,Yes,9,7,81
6,68,No,9,7,57
6,71,Yes,7,7,61
7,70,No,4,7,62
6,41,No,8,5,27
1,51,Yes,8,7,26
3,66,No,6,5,48
2,44,No,7,9,18
6,76,Yes,8,1,66
8,66,No,7,2,59
3,62,Yes,6,5,41
8,72,No,4,6,64
8,43,No,9,3,40
5,98,No,9,0,84
8,60,No,5,3,51
6,63,No,5,5,49
5,83,No,5,7,67
9,70,No,9,3,70
7,83,Yes,7,9,75
8,87,No,5,0,80
1,63,Yes,4,4,35
2,88,No,8,6,65
8,92,No,7,5,86
9,49,Yes,9,2,45
4,88,Yes,4,6,69
9,88,Yes,9,3,86
4,89,No,7,4,75
9,41,Yes,7,6,39
7,70,No,7,1,59
2,64,No,6,3,42
9,43,Yes,8,3,42
4,90,No,5,5,70
8,50,Yes,6,6,48
7,56,Yes,8,3,49
7,83,Yes,9,9,78
8,41,Yes,5,0,34
1,45,No,6,0,18
5,48,No,6,4,33
2,44,Yes,4,0,20
2,59,Yes,6,2,35
1,68,No,7,8,46
5,60,No,9,2,42
2,48,Yes,6,2,23
4,67,No,7,8,51
3,94,No,8,4,75
3,47,No,8,7,27
2,70,No,7,9,48
6,59,Yes,4,8,45
2,66,No,4,5,40
8,47,Yes,8,6,42
8,93,Yes,9,6,90
5,60,Yes,6,6,45
7,67,No,8,3,55
4,62,No,8,1,45
1,45,Yes,7,1,20
2,42,No,4,6,15
4,44,Yes,9,9,28
1,48,Yes,7,6,25
8,46,No,8,9,39
9,99,No,5,6,96
4,43,No,6,7,24
3,78,Yes,8,2,63
2,44,Yes,7,4,19
5,50,No,5,5,31
3,54,Yes,5,7,35
7,73,Yes,8,7,65
6,52,Yes,9,9,41
1,93,No,4,2,65
8,87,No,5,3,83
2,46,No,6,5,22
5,79,Yes,7,3,68
9,45,No,7,9,40
8,95,Yes,7,3,92
2,78,Yes,8,4,54
9,89,Yes,7,9,90
5,69,No,7,6,57
6,61,Yes,6,1,47
3,64,No,4,1,43
3,67,Yes,9,9,50
8,93,No,8,8,91
2,59,No,8,3,34
2,78,No,7,4,54
5,42,No,6,2,26
6,44,No,5,1,34
2,40,No,7,9,18
5,54,No,7,7,38
7,65,No,8,3,57
8,42,Yes,8,0,34
7,79,Yes,7,5,68
8,96,Yes,8,5,92
9,80,Yes,6,1,77
5,86,Yes,5,1,71
5,81,No,5,7,67
4,73,No,5,6,59
9,91,No,7,1,91
5,44,No,9,9,29
2,70,No,7,0,48
8,90,Yes,7,7,90
7,52,Yes,6,9,48
8,82,No,5,1,77
3,40,Yes,8,4,20
4,61,Yes,8,5,42
5,54,No,4,9,37
6,65,No,4,0,52
1,57,Yes,9,1,33
4,87,Yes,8,9,72
5,48,No,5,3,34
7,40,Yes,7,1,33
5,82,No,8,5,71
1,48,Yes,9,3,25
7,62,Yes,9,2,55
8,82,No,8,5,76
7,84,Yes,4,8,76
4,97,No,5,7,81
8,41,Yes,8,1,35
5,53,Yes,7,2,35
9,77,No,7,1,74
5,79,Yes,6,9,66
1,57,No,7,6,31
9,55,No,8,8,54
5,92,Yes,8,0,79
6,68,No,7,2,58
4,83,No,4,5,66
6,50,No,5,3,36
8,45,Yes,9,9,44
3,42,No,8,9,26
5,53,No,7,0,37
2,99,Yes,9,8,82
2,41,No,7,6,18
7,71,No,8,6,66
6,70,No,6,0,60
4,50,Yes,5,8,32
5,61,Yes,8,7,51
1,42,Yes,9,9,18
7,89,Yes,7,4,82
8,70,Yes,6,3,66
9,72,Yes,8,0,69
8,63,No,5,8,59
5,40,Yes,6,7,26
3,83,Yes,9,1,63
9,54,Yes,7,3,52
6,76,Yes,4,3,66
5,66,No,5,6,51
3,77,No,6,2,54
6,87,Yes,8,7,77
3,66,No,8,6,45
6,83,Yes,6,9,77
4,51,No,8,3,32
2,42,Yes,6,8,15
8,69,Yes,5,5,62
4,71,Yes,8,2,55
9,62,Yes,5,6,59
7,41,No,7,5,32
2,46,Yes,7,7,21
4,73,No,7,4,56
5,71,No,7,5,55
3,92,No,8,0,74
9,78,Yes,6,7,74
5,71,No,8,0,56
2,82,No,9,2,58
3,82,No,8,1,64
9,53,Yes,5,5,49
7,42,No,6,7,31
2,85,Yes,4,7,64
9,71,No,4,6,63
4,82,No,6,6,66
9,75,Yes,4,7,73
2,56,Yes,6,4,38
4,87,No,5,2,70
5,42,Yes,5,1,27
2,96,No,8,2,72
1,49,No,4,2,21
7,92,Yes,6,6,85
1,86,Yes,5,0,62
8,79,Yes,8,6,73
3,57,No,4,5,32
6,42,No,4,9,30
7,78,No,4,1,64
1,49,Yes,5,9,25
6,91,Yes,5,0,82
7,48,Yes,4,8,41
6,85,No,5,1,71
4,94,Yes,4,3,79
1,85,Yes,7,8,59
9,50,No,5,8,45
4,99,Yes,6,0,84
7,72,Yes,5,1,62
7,75,No,4,1,65
2,65,No,6,1,43
1,66,No,8,7,39
8,77,No,6,7,70
8,61,No,6,9,54
7,65,No,5,7,55
8,61,Yes,9,3,55
3,44,Yes,6,7,25
2,74,No,6,6,52
7,41,No,4,7,31
8,74,Yes,5,0,68
1,48,No,4,2,19
9,90,No,5,9,87
4,90,Yes,8,5,71
4,88,Yes,9,0,74
3,57,No,6,3,35
6,82,No,5,8,69
1,51,Yes,6,6,24
6,42,No,6,0,29
2,57,Yes,7,5,34
9,95,Yes,4,5,93
2,77,No,9,1,52
7,46,Yes,5,5,37
1,72,Yes,8,9,49
7,45,Yes,9,1,38
5,57,No,7,7,44
8,84,No,4,6,75
4,61,No,8,5,44
7,90,Yes,8,9,84
6,78,Yes,6,5,65
5,90,No,4,8,75
4,48,Yes,7,8,29
7,74,Yes,5,9,67
5,62,No,5,9,50
5,51,Yes,7,1,38
1,91,Yes,6,2,66
2,63,Yes,6,9,42
5,89,Yes,8,6,76
3,79,Yes,4,9,64
2,48,Yes,8,8,26
4,52,No,5,5,31
4,79,No,7,0,63
4,93,Yes,4,6,77
4,81,No,7,0,61
3,56,No,4,4,33
7,46,No,9,8,39
9,56,Yes,5,9,52
5,94,No,5,9,82
4,89,Yes,9,8,73
2,63,No,4,0,37
2,41,No,6,5,16
5,74,Yes,4,2,59
7,67,No,5,8,59
9,58,Yes,7,2,56
7,72,No,8,1,59
5,60,No,7,7,46
6,92,No,5,2,80
3,49,No,7,4,30
5,92,Yes,6,5,78
8,85,Yes,6,9,81
1,84,No,4,9,57
1,48,Yes,7,0,24
7,77,No,7,6,66
5,45,Yes,5,6,31
5,90,Yes,4,4,73
1,92,Yes,4,8,66
9,81,No,7,1,78
1,94,Yes,8,4,66
5,74,Yes,7,1,57
9,57,No,7,1,50
4,92,No,7,8,77
8,58,No,6,6,54
6,44,Yes,9,3,30
3,64,Yes,4,7,43
4,50,Yes,9,3,34
2,49,Yes,6,0,26
1,56,Yes,8,9,36
8,75,Yes,5,2,69
1,65,No,8,9,39
1,70,Yes,4,0,44
4,71,Yes,5,1,56
6,60,Yes,9,1,47
9,57,No,8,6,56
1,99,Yes,4,3,73
7,57,No,8,9,48
5,40,Yes,5,8,24
8,53,No,5,1,49
7,47,No,8,8,41
4,41,No,6,5,24
4,90,Yes,8,9,72
6,54,No,9,7,45
6,99,Yes,8,6,92
9,73,No,8,7,68
5,75,Yes,6,8,62
8,40,No,7,7,36
5,90,No,5,5,77
2,60,Yes,9,7,40
6,81,No,4,7,69
9,40,Yes,5,1,38
3,71,No,5,1,50
1,59,No,7,0,33
1,93,Yes,5,9,69
3,86,Yes,5,1,63
5,75,Yes,6,6,59
3,78,No,6,2,54
9,69,Yes,6,3,65
8,46,Yes,6,3,41
3,61,No,6,3,41
9,96,Yes,9,1,94
6,89,Yes,4,5,80
7,84,No,7,0,74
4,49,No,8,4,33
4,95,No,9,1,78
2,47,No,6,8,21
5,66,No,7,1,49
8,49,Yes,8,5,43
7,53,No,5,3,40
7,85,No,9,5,77
6,98,No,5,1,84
3,91,Yes,7,1,74
5,93,Yes,4,6,78
1,50,Yes,4,2,21
7,45,Yes,7,2,34
9,60,No,4,6,54
1,72,No,4,7,47
2,58,No,5,6,36
3,78,Yes,4,2,53
3,63,No,4,2,45
8,57,Yes,7,6,52
7,74,Yes,4,2,66
6,91,Yes,9,1,79
4,82,No,6,6,63
9,76,No,6,2,72
1,58,No,7,4,33
2,92,No,6,6,70
4,63,Yes,5,1,47
3,95,No,9,7,73
1,73,Yes,9,1,50
5,61,Yes,7,3,48
7,43,Yes,4,3,33
2,96,Yes,6,7,72
5,49,Yes,5,0,31
6,41,Yes,7,8,32
7,47,Yes,7,5,34
1,72,No,4,3,41
7,98,No,8,5,91
4,77,Yes,6,5,61
8,82,No,5,8,75
4,98,No,7,3,80
6,67,No,6,7,57
9,49,No,5,0,46
5,84,Yes,9,5,71
4,40,No,9,4,21
8,73,Yes,5,2,69
9,42,Yes,9,3,37
4,48,No,7,7,32
3,44,No,6,9,26
8,81,Yes,5,1,74
5,49,Yes,7,7,34
2,51,No,6,6,24
9,57,No,6,0,53
3,97,Yes,7,1,74
2,60,No,6,6,37
1,60,Yes,8,2,31
8,40,Yes,5,1,29
3,42,Yes,5,0,21
7,44,Yes,6,6,37
1,64,No,7,2,37
1,97,Yes,4,5,73
9,88,Yes,9,9,87
8,47,No,6,7,45
3,56,No,4,5,32
6,48,Yes,6,6,35
3,71,No,4,5,52
4,45,No,6,6,27
1,88,Yes,7,4,65
5,79,No,9,8,64
1,60,No,4,2,30
1,46,No,8,5,22
7,46,No,7,8,35
6,86,No,9,0,72
2,78,Yes,6,4,55
2,93,No,4,3,71
7,66,Yes,9,8,60
1,47,Yes,5,0,19
2,48,No,7,3,25
8,67,No,4,0,55
6,54,No,7,2,41
2,41,No,4,3,17
7,46,No,5,0,36
4,86,No,8,4,71
2,57,No,5,5,35
6,61,No,6,0,48
9,89,No,7,9,82
9,49,No,8,9,48
8,93,No,7,3,86
3,89,No,9,3,69
3,72,Yes,4,0,50
2,46,No,6,1,22
5,42,Yes,6,9,25
4,53,Yes,7,4,33
7,83,No,6,1,71
4,85,Yes,7,2,70
9,75,No,4,8,71
2,52,No,4,4,28
6,55,Yes,7,0,44
7,55,No,5,4,46
4,93,Yes,5,2,76
6,44,Yes,4,0,29
7,91,No,8,2,84
4,64,Yes,5,5,47
8,77,Yes,7,9,70
9,77,No,4,4,73
1,89,Yes,6,0,63
7,77,No,6,1,68
9,78,No,5,4,74
5,95,No,8,8,82
2,95,No,9,4,77
6,87,Yes,5,4,77
7,80,No,8,0,71
2,65,Yes,5,4,39
2,98,Yes,6,7,77
1,52,No,8,8,25
4,83,No,6,9,63
7,90,No,7,2,80
9,65,Yes,7,3,62
3,94,No,4,6,75
7,94,Yes,6,6,88
7,40,No,6,0,31
7,47,No,4,5,36
2,43,Yes,7,8,21
6,60,Yes,7,4,50
2,61,No,8,7,40
6,90,No,8,9,81
3,92,No,9,8,75
2,97,Yes,7,9,76
6,76,No,9,9,66
2,88,No,5,2,59
5,42,Yes,6,0,26
2,58,No,8,1,33
3,40,Yes,5,4,19
3,68,Yes,8,9,49
6,62,No,4,6,50
6,72,No,6,5,56
3,94,Yes,9,3,74
3,91,Yes,9,8,72
1,80,No,8,3,53
7,62,Yes,7,2,60
8,44,Yes,9,4,35
2,46,No,4,3,22
4,96,Yes,4,1,80
7,97,Yes,7,2,88
8,45,Yes,4,6,39
1,88,Yes,6,1,63
4,61,Yes,8,0,44
6,88,Yes,4,1,72
3,52,No,6,7,33
5,51,No,7,7,39
9,43,No,8,9,45
3,47,No,7,1,23
5,76,Yes,8,5,63
8,70,No,4,6,63
6,76,Yes,4,0,63
4,84,No,8,6,64
8,65,Yes,6,7,62
3,82,No,6,8,64
3,47,Yes,6,7,28
4,79,No,5,2,60
9,72,No,9,7,70
5,84,No,9,2,70
8,68,No,9,5,60
6,44,No,6,3,33
3,67,Yes,4,6,46
8,92,No,5,7,88
9,79,Yes,6,9,78
8,56,No,4,5,47
4,94,No,5,9,75
6,62,No,4,3,51
1,84,Yes,8,7,61
4,48,No,4,6,29
8,41,No,5,9,36
1,71,Yes,6,7,44
3,90,Yes,9,9,75
1,91,Yes,5,6,63
9,88,Yes,6,2,85
2,70,No,6,2,46
9,46,Yes,7,8,44
4,69,Yes,8,6,55
2,97,No,7,0,76
4,42,Yes,9,2,25
6,90,Yes,5,0,74
7,90,Yes,7,5,79
3,95,No,9,1,75
3,48,Yes,6,6,28
8,49,Yes,5,7,44
5,85,Yes,7,5,72
4,89,No,4,4,72
7,97,No,9,9,94
7,86,Yes,9,3,79
9,65,No,8,8,64
9,40,Yes,4,7,35
5,69,No,5,4,54
8,96,No,7,0,90
1,77,Yes,6,7,52
9,54,Yes,7,7,50
8,64,Yes,5,6,58
6,45,No,5,6,33
3,57,Yes,5,7,38
3,40,No,5,0,17
8,95,No,9,2,90
5,42,Yes,7,3,32
7,56,No,4,5,46
5,87,No,6,9,76
8,47,Yes,6,9,45
4,99,No,8,8,81
2,88,No,9,3,66
3,79,Yes,5,5,59
8,56,Yes,5,8,54
7,64,Yes,5,8,59
2,80,No,9,5,55
6,51,No,4,4,36
9,68,No,5,2,66
4,64,Yes,8,4,47
9,90,No,8,2,89
2,75,No,4,4,50
2,92,No,9,9,69
9,93,Yes,5,9,94
7,64,Yes,7,0,54
7,68,Yes,7,5,60
1,50,No,6,6,22
6,99,No,4,1,84
7,43,Yes,7,2,34
6,53,Yes,6,9,40
6,85,No,8,8,78
2,77,Yes,6,7,56
6,56,No,5,3,45
4,41,Yes,5,7,23
9,47,Yes,8,7,45
1,75,Yes,4,5,50
8,49,No,9,0,37
5,46,Yes,5,1,29
1,75,No,5,3,44
4,55,Yes,6,3,38
1,53,Yes,6,1,24
6,55,No,6,8,43
2,64,No,7,1,39
5,80,Yes,8,5,70
7,43,No,4,4,37
2,68,Yes,6,3,47
6,95,No,4,5,85
6,45,No,6,3,32
5,40,Yes,5,8,24
5,78,Yes,4,9,60
3,40,No,7,6,20
2,90,No,6,2,66
7,79,Yes,9,9,74
1,96,No,8,3,70
6,42,No,5,0,25
6,40,No,6,5,25
3,40,No,4,1,20
2,78,Yes,6,3,59
2,60,Yes,5,4,33
9,84,No,8,7,81
5,69,No,8,2,51
7,71,Yes,8,5,64
5,72,No,9,0,58
7,87,No,5,8,78
4,61,No,9,0,43
8,69,No,9,1,64
7,93,No,6,0,85
5,85,Yes,5,7,73
6,43,No,5,3,32
5,62,No,6,1,46
7,94,No,7,6,85
2,83,Yes,9,7,64
5,64,No,8,8,50
3,51,No,4,4,29
9,56,Yes,9,2,53
6,92,Yes,4,0,83
3,54,Yes,6,7,36
7,49,Yes,4,5,37
4,74,No,7,4,57
3,94,No,5,6,75
8,91,No,8,4,84
4,91,Yes,4,3,74
1,68,No,4,4,40
6,51,Yes,6,6,37
1,40,Yes,6,5,11
5,40,No,5,9,28
7,49,Yes,8,9,40
6,57,Yes,4,8,47
2,86,No,5,9,65
4,41,No,8,1,22
2,88,Yes,5,6,66
1,47,No,4,0,19
3,61,No,6,7,43
3,61,Yes,6,3,41
7,65,Yes,6,7,56
1,65,No,7,7,42
9,48,No,5,3,45
6,60,Yes,4,3,46
4,70,No,5,4,51
3,91,Yes,6,6,74
3,82,Yes,9,5,67
2,45,No,9,0,21
2,95,No,5,5,73
5,53,No,8,2,39
9,72,No,9,8,69
2,46,No,9,2,24
2,63,Yes,5,8,36
6,48,No,7,4,38
2,50,Yes,7,9,29
4,95,No,6,7,72
6,62,Yes,4,8,48
5,87,No,8,8,71
1,90,No,4,6,61
6,41,Yes,4,9,29
1,54,No,8,0,31
3,74,No,7,7,56
5,75,Yes,9,6,62
5,91,Yes,6,3,78
6,93,Yes,5,5,83
8,67,No,7,9,65
5,78,Yes,6,1,65
1,83,Yes,9,3,59
5,43,No,7,7,26
3,49,No,8,3,32
4,45,No,4,9,27
8,96,No,8,3,89
7,69,No,9,3,57
5,93,No,5,9,77
2,85,Yes,8,8,65
6,74,Yes,9,1,63
6,88,No,4,6,78
6,82,Yes,7,2,74
9,49,Yes,6,3,41
8,97,Yes,9,0,90
8,92,Yes,9,2,88
1,71,No,5,1,47
5,81,No,7,9,66
7,81,Yes,9,6,75
6,42,No,9,5,29
5,95,Yes,6,0,80
8,65,Yes,4,7,59
3,54,No,8,8,34
6,56,Yes,7,0,47
5,66,No,6,4,53
8,57,No,6,6,50
4,90,No,8,1,72
8,58,No,7,5,54
2,51,No,7,7,28
9,63,No,4,7,59
9,44,No,7,9,40
6,63,No,9,9,55
4,66,No,8,7,49
4,87,Yes,7,5,70
6,69,No,4,5,57
5,54,Yes,6,2,39
6,86,No,9,1,75
7,98,Yes,7,4,87
7,77,No,8,8,70
9,83,No,7,3,76
8,73,No,5,4,68
6,66,Yes,4,5,53
6,59,Yes,6,5,48
5,80,No,5,3,63
1,71,Yes,8,3,47
9,43,No,7,7,38
9,44,Yes,4,4,43
9,92,Yes,9,4,90
8,97,Yes,7,8,95
3,47,No,7,3,24
1,61,Yes,7,6,35
8,81,Yes,9,4,75
7,46,No,7,8,37
5,61,No,4,7,46
7,85,Yes,9,7,80
4,69,Yes,9,9,55
9,76,No,5,9,71
2,55,No,8,2,32
9,54,No,9,8,51
9,44,No,5,7,43
5,42,No,4,2,23
1,62,Yes,8,9,37
7,49,No,9,0,40
4,44,No,6,4,24
9,62,Yes,5,3,60
6,54,No,4,7,44
3,57,No,4,5,34
6,64,No,4,9,51
6,47,Yes,8,4,39
5,70,No,7,8,57
2,60,No,6,5,36
2,41,No,8,2,16
7,61,No,8,5,52
2,47,Yes,9,3,25
6,62,Yes,5,4,51
5,71,No,6,5,56
4,47,No,4,8,27
7,43,No,8,2,33
8,69,No,6,0,60
4,58,No,5,1,39
1,62,No,7,7,41
1,57,No,6,3,35
1,92,Yes,4,6,67
1,68,No,8,1,39
5,62,Yes,7,9,51
4,72,Yes,5,7,56
9,91,No,4,9,93
3,86,Yes,7,8,68
7,57,Yes,9,6,49
8,93,Yes,9,9,88
6,83,No,5,0,72
1,72,Yes,4,1,44
8,46,Yes,8,8,41
3,90,No,5,9,69
8,67,No,7,6,66
4,40,Yes,4,2,20
8,95,No,9,4,92
1,78,No,9,0,53
3,73,Yes,6,9,50
6,78,Yes,4,2,70
9,58,Yes,7,3,51
2,70,No,7,3,45
1,52,Yes,6,6,25
3,96,Yes,7,4,75
4,63,No,4,8,45
5,44,No,9,6,29
3,62,No,5,1,43
2,58,No,9,7,38
2,40,Yes,9,1,16
7,72,Yes,4,6,61
9,98,Yes,7,4,95
2,89,No,6,9,65
7,95,Yes,6,5,85
7,72,No,8,3,66
7,71,No,6,4,61
3,98,No,6,4,79
7,67,Yes,7,6,59
1,76,No,5,3,52
1,80,Yes,5,4,56
5,51,Yes,7,3,37
2,48,Yes,6,3,29
9,89,No,4,7,84
7,94,Yes,9,4,87
4,50,Yes,9,8,36
4,72,No,5,4,56
2,58,Yes,7,7,34
5,93,No,4,2,77
4,96,Yes,6,6,80
1,81,No,7,0,59
8,73,No,5,4,68
3,46,No,4,1,26
6,70,No,4,7,57
4,91,No,5,5,72
9,41,Yes,4,4,36
7,58,Yes,9,2,51
9,77,Yes,5,0,76
3,71,Yes,9,9,51
1,49,No,7,9,28
5,80,No,8,9,69
3,47,Yes,6,9,30
6,65,No,7,7,56
8,69,Yes,9,4,64
4,50,No,6,8,33
5,80,No,6,6,67
5,59,Yes,9,0,45
4,99,Yes,9,0,84
4,59,No,5,6,40
4,48,Yes,8,6,33
4,47,Yes,9,8,31
4,99,Yes,6,1,81
5,54,Yes,6,6,38
2,73,No,7,1,48
2,63,No,8,9,39
9,72,No,8,9,71
2,80,No,6,1,55
6,80,Yes,8,4,70
2,84,Yes,7,8,65
5,79,Yes,5,8,65
4,66,No,6,9,49
7,60,No,4,0,49
7,44,No,6,6,35
6,74,No,6,9,62
5,60,Yes,5,9,48
1,43,Yes,9,2,18
3,88,Yes,9,9,70
9,87,No,4,9,83
1,55,No,4,0,29
5,96,No,4,1,79
2,70,No,9,5,49
4,65,No,5,9,49
1,91,No,8,1,63
3,74,Yes,4,1,50
7,45,No,8,3,36
3,72,No,7,2,53
4,60,No,5,7,39
2,55,Yes,8,7,32
3,86,Yes,9,5,69
9,78,No,9,3,74
3,73,Yes,4,6,55
5,81,Yes,4,8,72
2,96,Yes,8,1,72
4,99,No,9,5,86
7,54,Yes,8,6,47
7,45,Yes,7,0,34
3,41,Yes,5,5,24
5,63,No,9,7,51
1,95,Yes,6,6,73
1,88,No,9,1,68
5,67,Yes,7,1,52
9,40,No,9,3,38
1,40,No,7,4,11
1,67,No,9,4,41
4,75,No,7,1,57
4,59,No,4,6,41
2,87,Yes,8,7,62
9,47,Yes,9,1,48
9,40,Yes,5,3,37
2,65,No,4,2,41
9,90,No,7,3,91
6,82,No,5,4,73
8,88,Yes,4,5,82
4,64,No,6,1,44
2,49,No,9,9,29
2,51,No,9,5,32
9,80,No,7,8,78
1,46,Yes,4,7,21
7,51,No,4,0,43
3,86,No,7,8,69
3,79,No,6,9,56
2,56,No,9,1,31
6,44,Yes,8,0,36
2,53,No,6,5,30
4,73,Yes,7,0,56
9,87,Yes,8,5,87
9,56,No,4,1,54
6,74,No,6,6,61
4,94,Yes,6,6,77
7,40,No,9,3,30
1,98,No,9,1,69
4,89,Yes,8,6,74
5,89,Yes,4,0,72
8,75,Yes,6,1,71
2,54,Yes,8,1,30
5,99,Yes,6,0,82
6,58,Yes,9,8,51
5,90,No,4,5,76
9,81,No,4,2,76
1,44,No,5,5,17
3,58,No,8,6,40
2,82,No,9,2,63
3,78,No,9,3,60
9,44,No,9,9,44
9,91,No,7,0,87
2,51,No,6,5,27
3,58,Yes,4,5,30
4,86,Yes,6,8,68
9,51,No,6,1,44
3,75,No,7,4,53
7,51,Yes,4,4,40
3,57,Yes,5,6,36
7,88,Yes,9,4,79
7,90,No,8,9,86
9,87,Yes,6,3,85
2,82,Yes,7,9,61
6,73,Yes,7,1,63
9,87,No,8,7,82
2,72,Yes,8,4,47
2,88,No,4,3,66
5,57,Yes,6,8,48
8,96,Yes,6,1,90
9,68,No,8,2,70
2,84,Yes,9,7,64
5,44,Yes,5,3,27
7,64,Yes,6,8,58
6,63,No,7,9,48
6,68,No,9,9,57
7,98,No,8,9,90
3,77,Yes,6,9,56
3,72,No,4,8,50
9,49,Yes,8,9,48
8,76,Yes,7,8,74
5,99,Yes,4,0,86
6,72,Yes,8,5,59
1,62,Yes,8,9,43
1,97,Yes,6,5,75
4,50,Yes,4,7,32
2,63,Yes,8,6,44
7,63,No,9,6,54
2,46,No,7,1,24
2,89,Yes,4,3,61
5,60,No,9,0,45
4,59,No,6,6,44
8,92,No,5,3,84
4,49,Yes,8,8,32
6,64,No,5,5,50
5,86,Yes,8,5,73
2,75,No,9,8,52
8,87,No,6,7,85
2,86,No,6,5,61
9,54,Yes,6,5,52
9,83,Yes,6,5,82
3,79,Yes,4,3,57
4,79,Yes,4,4,58
8,89,Yes,8,2,83
9,45,Yes,4,8,41
3,76,Yes,8,1,58
5,41,Yes,4,6,25
